id,code,model,captive,battery_level,estimated_range,Origin_Dist,Date,Time,Origin_Loc,nest_id,latitude,longitude
77856aa8-eb4e-49e4-a966-1362d9d81374,,bd,False,67,8220,0.10254408221767237,2019-08-31,15-39-19,DC-GWU,,38.90082065019654,-77.04773420475148
5a147845-7f5d-4eaa-ab2e-284510b74d7a,,bd,False,56,6850,0.1690526221880219,2019-08-31,15-39-19,DC-GWU,,38.90191788283145,-77.0498385556289
9ee5f59f-dd34-4c2a-81c1-beeb98b1d8a5,,bd,False,60,7261,0.17252935243631676,2019-08-31,15-39-19,DC-GWU,,38.897257,-77.04994
cd8eb96c-5ce5-43d8-bddc-8ff2dfa1e981,,bd,False,98,11919,0.19785037052362114,2019-08-31,15-39-19,DC-GWU,,38.897531,-77.051362
82a6024e-44a9-4cf4-a58f-f84c5077027d,,bd,False,66,8083,0.20714887500663517,2019-08-31,15-39-19,DC-GWU,,38.897447,-77.051499
2da9a061-46a2-44d6-83f1-f76674e343d0,,bd,False,97,11782,0.2255303963481845,2019-08-31,15-39-19,DC-GWU,,38.897158,-77.051602
bc7ce639-6ca9-4847-870c-c269eb909add,,bd,False,100,12193,0.2395270082016913,2019-08-31,15-39-19,DC-GWU,,38.897334,-77.045453
647ddd71-161a-472c-8e91-8d038d2b156d,,bd,False,37,4521,0.2473223635552139,2019-08-31,15-39-19,DC-GWU,,38.896522,-77.051173
eed9c07e-5b9e-4e01-a0b6-a15a13b42cc4,,bd,False,89,10823,0.2510163030593104,2019-08-31,15-39-19,DC-GWU,,38.896589,-77.051435
dd1d421f-bd88-4cc2-807c-df90bf678bf5,,bd,False,36,4384,0.2914402419353343,2019-08-31,15-39-19,DC-GWU,,38.897608,-77.044052
2ec20689-be65-4f16-8cb6-0f0cf38684ee,,bd,False,21,2603,0.29872048660935896,2019-08-31,15-39-19,DC-GWU,,38.90047217349803,-77.04339172510984
1fc24929-f7eb-4021-a77c-d8765f3843f7,,bd,False,72,8768,0.30255133342571605,2019-08-31,15-39-19,DC-GWU,,38.90395,-77.048102
5bd75c0c-59a1-43d3-92cc-04dc86df9561,,bd,False,80,9727,0.30799068923829886,2019-08-31,15-39-19,DC-GWU,,38.899326,-77.054523
a3463a0c-7b45-422b-8fa7-63914c25be06,,bd,False,87,10549,0.31250427617273036,2019-08-31,15-39-19,DC-GWU,,38.900556,-77.054487
cbb76984-ce86-48cc-937f-fbffa0270637,,bd,False,30,3699,0.3166040656523747,2019-08-31,15-39-19,DC-GWU,,38.897463,-77.043622
1101f0d4-34c7-49c8-976f-aafb8af36c8f,,bd,False,54,6576,0.32290577399940384,2019-08-31,15-39-19,DC-GWU,,38.897405,-77.043529
20f991af-2a2e-4cc4-9ec2-24f43f6fa617,,bd,False,58,7124,0.33180923286344843,2019-08-31,15-39-19,DC-GWU,,38.901026,-77.054699
15a89796-c235-4762-abd4-628155407ee0,,bd,False,100,12193,0.3326119734452009,2019-08-31,15-39-19,DC-GWU,,38.90112,-77.054676
ea623735-1700-4909-b03a-d689ea323562,,bd,False,64,7809,0.3626817138669029,2019-08-31,15-39-19,DC-GWU,,38.896472,-77.043412
0486eee1-9b8d-4fae-a4a5-b475200fa492,,bd,False,58,7124,0.3632575258002304,2019-08-31,15-39-19,DC-GWU,,38.897282,-77.054871
c9b52629-c5f6-41d4-b48e-c59960600e81,,bd,False,55,6713,0.3828293118552494,2019-08-31,15-39-19,DC-GWU,,38.896216,-77.043191
1fdcd074-06fa-4bb3-a235-6d4b0bed7a3f,,bd,False,25,3014,0.3845367140813861,2019-08-31,15-39-19,DC-GWU,,38.900046,-77.041709
289b5e3c-50ef-496f-8813-bbab9f2bacd4,,bd,False,80,9727,0.3978177913772437,2019-08-31,15-39-19,DC-GWU,,38.905188,-77.050645
d2a570ec-0ebc-4df1-a58b-e92e5e123921,,bd,False,63,7672,0.40289431351526495,2019-08-31,15-39-19,DC-GWU,,38.903062,-77.05484
1ded0422-e5df-4f66-879a-252b6c5c3bea,,bd,False,83,10138,0.443827856922124,2019-08-31,15-39-19,DC-GWU,,38.905641,-77.045986
1b43f8ef-64a1-4f16-aeab-86eafe2e0ef2,,bd,False,20,2466,0.46759206793619557,2019-08-31,15-39-19,DC-GWU,,38.905416,-77.053276
b91f4c7e-e315-4a4c-98d9-016b78b3d970,,bd,False,67,8220,0.47105192089309256,2019-08-31,15-39-19,DC-GWU,,38.894721,-77.054934
82b4c8b1-6490-4f4c-aa7c-529c0f34b4f6,,bd,False,76,9316,0.47499651401768495,2019-08-31,15-39-19,DC-GWU,,38.90026625441675,-77.04004926575246
f6b9294f-0976-462e-9c52-b8f8fbb90b8d,,bd,False,42,5069,0.47785186191090095,2019-08-31,15-39-19,DC-GWU,,38.898968,-77.039992
d64273d0-3ddb-400a-a45d-6f1e59d5f78d,,bd,False,91,11097,0.49372734135001484,2019-08-31,15-39-19,DC-GWU,,38.899007,-77.039692
0ff24118-a2da-4bc2-8140-63da8bd63c81,,bd,False,17,2055,0.4930005578605444,2019-08-31,15-39-19,DC-GWU,,38.89262842949377,-77.04680641188942
28491d64-3c0b-4977-9b45-183daa6dd7de,,bd,False,42,5069,0.5020532606764603,2019-08-31,15-39-19,DC-GWU,,38.906875401784575,-77.04856300384336
d47c87f1-22e4-4b63-b3c4-3e3fcbe99939,,bd,False,39,4795,0.5091421618921947,2019-08-31,15-39-19,DC-GWU,,38.906973,-77.049258
28a30a99-73a7-4675-8a5c-b3275b6a6e55,,bd,False,62,7535,0.5144567904116036,2019-08-31,15-39-19,DC-GWU,,38.89214336452906,-77.04863786757457
5327fbe4-7e8a-4ef0-9cc5-4e157d9dea77,,bd,False,18,2192,0.5309808070204219,2019-08-31,15-39-19,DC-GWU,,38.89193503896162,-77.04791471055158
6a2e3d38-1241-473e-97e8-729d718a4e0c,,bd,False,100,12193,0.5523138813922026,2019-08-31,15-39-19,DC-GWU,,38.907255,-77.051824
55e324fe-acaa-48f7-962b-40ab52cbe6a4,,bd,False,72,8768,0.5604363474651758,2019-08-31,15-39-19,DC-GWU,,38.900785,-77.059106
6f70689a-5f44-4075-a976-a0445a89bd27,,bd,False,72,8768,0.5607764702130035,2019-08-31,15-39-19,DC-GWU,,38.900808,-77.059108
2319eab9-2ff6-4668-a85d-9e1a20fd6dab,,bd,False,97,11782,0.5618948495701309,2019-08-31,15-39-19,DC-GWU,3d339b4f-4ef5-49ea-8348-66e12ced3903,38.903618,-77.039752
9d8d1da1-8f76-4a93-8385-5b49f9fb94aa,,bd,False,16,1918,0.5634472536960258,2019-08-31,15-39-19,DC-GWU,,38.894295,-77.040872
854f51b3-91d5-4fff-beac-c7e3e9bfc334,,bd,False,62,7535,0.5660338663339631,2019-08-31,15-39-19,DC-GWU,,38.902453,-77.038974
ca4b32a7-975c-4cee-9d2c-f3e8736cc55e,,bd,False,93,11371,0.5713885621716329,2019-08-31,15-39-19,DC-GWU,,38.900905,-77.059288
5b10f183-f093-45b3-ae1a-12380519b91a,,bd,False,92,11234,0.5714368077801201,2019-08-31,15-39-19,DC-GWU,,38.900924,-77.059285
16838c18-44dd-4cae-be7a-c0b9e851b8ad,,bd,False,67,8220,0.5717867406911709,2019-08-31,15-39-19,DC-GWU,,38.89294,-77.042505
9c4ac6d5-c141-4c76-9d78-124b95e92cbf,,bd,False,96,11645,0.5740332730573304,2019-08-31,15-39-19,DC-GWU,,38.900923,-77.059334
af16a234-1b1a-4911-a63e-1d84f72b3186,,bd,False,72,8768,0.5726449253657939,2019-08-31,15-39-19,DC-GWU,,38.892953,-77.042456
43a40744-f39b-497e-a9d2-8f2b792829a2,,bd,False,56,6850,0.5789499574419155,2019-08-31,15-39-19,DC-GWU,,38.905361,-77.041009
c736873e-08df-4b87-85c7-2d9f5a75de5d,,bd,False,52,6302,0.5808081043023385,2019-08-31,15-39-19,DC-GWU,,38.905135,-77.05694
1b170aa7-0709-4e5a-8eff-189ded0f2a90,,bd,False,75,9179,0.5800989779018597,2019-08-31,15-39-19,DC-GWU,,38.90722,-77.053373
a74aede7-4f51-4e6a-864c-416501c275d7,,bd,False,97,11782,0.5905592458281762,2019-08-31,15-39-19,DC-GWU,,38.906971,-77.043247
7bc21493-aaf8-427d-a4f5-b15d7ded90fc,,bd,False,52,6302,0.594348169646567,2019-08-31,15-39-19,DC-GWU,,38.901517,-77.03807
1d84a325-a99f-4f51-9f7a-c78a88ccc6b5,,bd,False,83,10138,0.6111756238349024,2019-08-31,15-39-19,DC-GWU,,38.901209,-77.05997
717e91b6-d25d-43dc-a775-7ecbdd4ff1a3,,bd,False,17,2055,0.6166848479771464,2019-08-31,15-39-19,DC-GWU,,38.90111535418054,-77.03754481918865
5a4607e5-7f02-4baa-9559-1864f95fbdd9,,bd,False,45,5480,0.6259042298920612,2019-08-31,15-39-19,DC-GWU,,38.898917863306124,-77.03724126780442
ee8b5664-a465-4db9-a44a-9de7840e1a5e,,bd,False,46,5617,0.6253767650033816,2019-08-31,15-39-19,DC-GWU,,38.9067124994834,-77.04162538990103
8728dbc1-510e-48c9-9630-7d5db0d12251,,bd,False,44,5343,0.626279142201495,2019-08-31,15-39-19,DC-GWU,,38.908539,-77.046787
f133e5ea-8438-478b-955d-cc4486a91508,,bd,False,61,7398,0.6861214503854748,2019-08-31,15-39-19,DC-GWU,,38.904055,-77.060201
60563061-ae64-4cfb-8ce8-c7538e7ad783,,bd,False,58,7124,0.6913751206882248,2019-08-31,15-39-19,DC-GWU,,38.90444,-77.060052
6334fdbd-c91c-496d-a756-bba2efb1e689,,bd,False,34,4110,0.7007148308339535,2019-08-31,15-39-19,DC-GWU,,38.9023476,-77.0363048
cf2fe561-1983-41aa-8db8-a90140c6c994,,bd,False,36,4384,0.7053029212907329,2019-08-31,15-39-19,DC-GWU,,38.902577,-77.036302
d6985438-4712-482e-abbe-1c062a2955e3,,bd,False,26,3151,0.708609747468111,2019-08-31,15-39-19,DC-GWU,,38.909585,-77.045731
3b041509-d515-4f93-9e40-73dcbe37b831,,bd,False,19,2329,0.7125722789816308,2019-08-31,15-39-19,DC-GWU,,38.902519,-77.036139
51cd79d8-5096-431b-986d-043165eea77f,,bd,False,35,4247,0.7214848410998733,2019-08-31,15-39-19,DC-GWU,,38.906082,-77.038315
78035b31-53c9-4cd4-bab2-6412b0181098,,bd,False,51,6165,0.7234232709925398,2019-08-31,15-39-19,DC-GWU,,38.906272,-77.038465
1af2c18a-fd50-4b5e-b948-cc1c939e5d50,,bd,False,22,2740,0.7366158167874984,2019-08-31,15-39-19,DC-GWU,,38.905144,-77.0605
fe8c4ad3-7775-4abb-a75f-dfce0f22c55f,,bd,False,31,3836,0.7371358028001145,2019-08-31,15-39-19,DC-GWU,,38.905676,-77.03757
672f1de6-720c-4754-9870-9854208ad980,,bd,False,24,2877,0.7513860282728273,2019-08-31,15-39-19,DC-GWU,,38.907202,-77.038836
c1072c37-e532-4195-bf49-fef2a541fc10,,bd,False,64,7809,0.7547012088587179,2019-08-31,15-39-19,DC-GWU,,38.90497,-77.061019
2412f7e9-da4c-4b52-8f7d-0710e0b656e8,,bd,False,25,3014,0.7615858201507042,2019-08-31,15-39-19,DC-GWU,,38.901371,-77.034874
f6b3c253-047e-4759-8b8b-768d08621ab1,,bd,False,38,4658,0.7626675413690314,2019-08-31,15-39-19,DC-GWU,,38.905121,-77.061079
5403aa0c-890a-4b77-a492-ab2b6da94cce,,bd,False,89,10823,0.7697675672853288,2019-08-31,15-39-19,DC-GWU,,38.905366,-77.061047
afd05cb5-e300-4855-afb4-18ebe49f3933,,bd,False,60,7261,0.7697549136646771,2019-08-31,15-39-19,DC-GWU,,38.910518,-77.045868
3068a7d8-e55b-4172-b254-8fd1392ec28b,,bd,False,30,3699,0.7840777886557806,2019-08-31,15-39-19,DC-GWU,,38.892312,-77.037658
4f4f5134-ae76-4b51-ae85-74e8403f9097,,bd,False,47,5754,0.7859511946319865,2019-08-31,15-39-19,DC-GWU,,38.892266,-77.037662
45d54fce-43bd-4bfe-953c-909841354e4b,,bd,False,62,7535,0.790450023323592,2019-08-31,15-39-19,DC-GWU,,38.900813,-77.034238
733f79a8-b3c5-4849-9c54-b3c4857d5efc,,bd,False,65,7946,0.7903708794537013,2019-08-31,15-39-19,DC-GWU,,38.906977,-77.0376
e2a178d9-0b61-49c7-950d-5fdef548b0a3,,bd,False,69,8357,0.7980746499715764,2019-08-31,15-39-19,DC-GWU,,38.909348,-77.056795
b567ec3d-3745-448c-bfd0-e5557f0b37b0,,bd,False,87,10549,0.7984423978739433,2019-08-31,15-39-19,DC-GWU,,38.910285,-77.043124
78e017ec-b84f-4a59-94de-8ad8f60085fe,,bd,False,64,7809,0.8328719302990739,2019-08-31,15-39-19,DC-GWU,,38.898884,-77.033396
34dc14a0-ddb5-4723-a176-8dbbd5d982a5,,bd,False,87,10549,0.836848154819814,2019-08-31,15-39-19,DC-GWU,,38.908697,-77.038548
834f64ce-0278-41b4-bd1b-0ac774cea64a,,bd,False,44,5343,0.8417726062790474,2019-08-31,15-39-19,DC-GWU,,38.911391,-77.044796
2b0006ef-e43e-47ae-94da-47882ee73a5f,,bd,False,88,10686,0.8469486605312319,2019-08-31,15-39-19,DC-GWU,,38.902345,-77.064135
57986cce-8b6a-44b4-9d24-885165e4b5e7,,bd,False,62,7535,0.859620093969462,2019-08-31,15-39-19,DC-GWU,,38.896275,-77.033451
ccf12ad7-f508-4f30-9179-087a143f92db,,bd,False,44,5343,0.8681080163569889,2019-08-31,15-39-19,DC-GWU,,38.905164,-77.063266
d1c08b6b-6c43-41fa-a37b-e54b3de2e1b6,,bd,False,87,10549,0.8819918825636287,2019-08-31,15-39-19,DC-GWU,,38.904029,-77.06417
51583138-16d9-46b7-b103-0cba2861d346,,bd,False,66,8083,0.8829347943123228,2019-08-31,15-39-19,DC-GWU,,38.905442,-77.034245
85f13ac8-1e0e-46f0-9b00-3a598390dc08,,bd,False,99,12056,0.8853640283354461,2019-08-31,15-39-19,DC-GWU,,38.905156,-77.063627
15ab259d-e48f-4ed1-9f9c-126f045487b6,,bd,False,81,9864,0.889587558122992,2019-08-31,15-39-19,DC-GWU,,38.906912,-77.062415
bac9a7be-ec8e-43f4-a5ed-6d7c68dab5f9,,bd,False,65,7946,0.9306682347665142,2019-08-31,15-39-19,DC-GWU,,38.906016,-77.064009
7137d630-b7d8-4650-b2c9-896e387fe91f,,bd,False,27,3288,0.93392452206616,2019-08-31,15-39-19,DC-GWU,,38.904281,-77.032562
032e3748-7d3c-41fc-975b-c548d7a63c29,,bd,False,83,10138,0.9418520506309618,2019-08-31,15-39-19,DC-GWU,,38.906242,-77.033553
10b63c52-f3e5-40f2-8217-7bae423730b8,,bd,False,75,9179,0.9583251862274274,2019-08-31,15-39-19,DC-GWU,,38.90563383236425,-77.03280502937457
42dcd9e1-de87-4eed-91ac-276624bad832,,bd,False,71,8631,0.9657591134954342,2019-08-31,15-39-19,DC-GWU,,38.906048,-77.064724
09924bf7-8afe-4b84-b2d1-da6c66dcade4,,bd,False,67,8220,0.9676151283720748,2019-08-31,15-39-19,DC-GWU,,38.9055192517479,-77.03254485510013
5408da48-e2d3-44c7-9c13-887ff9d14373,,bd,False,37,4521,0.9730707910038592,2019-08-31,15-39-19,DC-GWU,,38.892408,-77.033291
706c7ee9-17d6-45ea-93b5-01466e67fb6b,,bd,False,52,6302,0.9745350370553545,2019-08-31,15-39-19,DC-GWU,,38.89231,-77.0333343
9146e87a-7610-4d6c-bf30-bbb6e9b6e1bf,,bd,False,72,8768,1.014286624583566,2019-08-31,15-39-19,DC-GWU,,38.905197,-77.066221
495e03c9-cdae-4670-8e35-367f12d0d535,,bd,False,65,7946,1.0160106757859046,2019-08-31,15-39-19,DC-GWU,,38.912453,-77.039614
e474e809-5363-4519-89fd-175461aff71c,,bd,False,90,10960,1.0207199910165312,2019-08-31,15-39-19,DC-GWU,,38.905218,-77.066339
daedea64-9b84-483f-af32-6df804975e34,,bd,False,79,9590,1.02243662085587,2019-08-31,15-39-19,DC-GWU,,38.897436792067154,-77.03005534603915
004586bc-b3ae-47a9-b761-c8dfa85fdc07,,bd,False,66,8083,1.0245512596516473,2019-08-31,15-39-19,DC-GWU,,38.89968,-77.029813
0d3c249f-9562-4465-8e07-7664fdc633d8,,bd,False,76,9316,1.040697536173347,2019-08-31,15-39-19,DC-GWU,,38.891879,-77.032234
546a6080-39c0-4d3c-83ea-718c5814e6a7,,bd,False,67,8220,1.041587416360939,2019-08-31,15-39-19,DC-GWU,,38.886930861785196,-77.03830743626385
8f77f0b8-163f-4592-b456-beb591d6c264,,bd,False,73,8905,1.0708887075818565,2019-08-31,15-39-19,DC-GWU,,38.905133,-77.067383
b4cad154-b561-4de5-8b32-95fd04a4a4d1,,bd,False,93,11371,1.0778713292648305,2019-08-31,15-39-19,DC-GWU,,38.914936,-77.052653
87c00e5c-051c-4727-9f79-26cf19585b4e,,bd,False,66,8083,1.0892824633160298,2019-08-31,15-39-19,DC-GWU,,38.909719,-77.033305
57eabafe-0c28-4247-8343-c32a0586f9d6,,bd,False,91,11097,1.0929947675283713,2019-08-31,15-39-19,DC-GWU,,38.904952,-77.067906
bc581f80-ed64-4518-894d-4fed7f721270,,bd,False,75,9179,1.093253627279269,2019-08-31,15-39-19,DC-GWU,,38.904736,-77.068008
75fadde5-41f1-4746-857a-e9a211f52d34,,bd,False,100,12193,1.1061217061497697,2019-08-31,15-39-19,DC-GWU,,38.904951,-77.068165
bfa4b011-a931-4ac0-9e11-c2d698fd1eb1,,bd,False,90,10960,1.1116064046649723,2019-08-31,15-39-19,DC-GWU,,38.904707,-77.06838
267c16c8-a911-4aa2-b929-ee972e099754,,bd,False,92,11234,1.117156861745746,2019-08-31,15-39-19,DC-GWU,,38.904806,-77.068446
b6682158-e0ee-4ea0-b47c-8f6b235a7ea8,,bd,False,26,3151,1.1178824372532636,2019-08-31,15-39-19,DC-GWU,,38.893859,-77.029427
2fadb617-f96a-4ad8-9a01-fb799636c25f,,bd,False,100,12193,1.1194378272562042,2019-08-31,15-39-19,DC-GWU,,38.904944,-77.06843
44119741-e27d-449b-9451-37e7242feb62,,bd,False,90,10960,1.1297479343659909,2019-08-31,15-39-19,DC-GWU,,38.905079,-77.068572
bc1d78b1-14e4-4b0d-bac2-4b0797cde88e,,bd,False,37,4521,1.1320859483520096,2019-08-31,15-39-19,DC-GWU,,38.893736,-77.029205
9d4088c0-ab94-4ad3-b4cd-b59e29b3bb6e,,bd,False,76,9316,1.1400371847590063,2019-08-31,15-39-19,DC-GWU,,38.914762227832256,-77.04040355987571
42475874-4989-45fa-bbf9-6a6e6a9999a9,,bd,False,84,10275,1.1480595494115469,2019-08-31,15-39-19,DC-GWU,,38.907324,-77.029953
6f1f2b6f-dea5-4991-80bb-dccdad02f465,,bd,False,66,8083,1.1459647717423371,2019-08-31,15-39-19,DC-GWU,,38.915951,-77.04506
f5af9a54-0e60-40b0-a6e3-5c6af492dd58,,bd,False,53,6439,1.151249562195638,2019-08-31,15-39-19,DC-GWU,,38.892234,-77.029656
940c755d-e291-44e0-982a-6c818ef29d89,,bd,False,79,9590,1.168803712222569,2019-08-31,15-39-19,DC-GWU,,38.916473,-77.046838
481d5a24-12cb-4bb0-bc52-9c7057027690,,bd,False,91,11097,1.173696218659687,2019-08-31,15-39-19,DC-GWU,,38.90407,-77.06983
18ca0954-b66c-4881-832e-bd631383b16c,,bd,False,52,6302,1.1839177220245933,2019-08-31,15-39-19,DC-GWU,,38.900899,-77.026919
3ffead8a-cace-45c1-a313-8f0235f48f4a,,bd,False,42,5069,1.1885496781286828,2019-08-31,15-39-19,DC-GWU,,38.90088,-77.026831
96324ef2-87f2-4b1f-b7b1-287684868727,,bd,False,100,12193,1.1988546035896852,2019-08-31,15-39-19,DC-GWU,750b62db-4b3f-4fc3-b584-05b1d8c84a36,38.896786,-77.070767
a8f71406-c0d4-45de-b94c-72a91c8d70b7,,bd,False,100,12193,1.2022108339299942,2019-08-31,15-39-19,DC-GWU,750b62db-4b3f-4fc3-b584-05b1d8c84a36,38.896863,-77.070846
4f8dcedb-e078-4c9f-a5d4-782b9a8cb2c4,,bd,False,72,8768,1.2090371728092082,2019-08-31,15-39-19,DC-GWU,,38.904422,-77.070385
b9235af1-f651-4fe9-a97b-1dd70c1890aa,,bd,False,100,12193,1.2093548822556355,2019-08-31,15-39-19,DC-GWU,,38.89651,-77.070904
beea27d0-4e45-4bf2-8cf1-69d12b12a1c5,,bd,False,100,12193,1.2134241649883155,2019-08-31,15-39-19,DC-GWU,750b62db-4b3f-4fc3-b584-05b1d8c84a36,38.896915,-77.071067
97bb948e-f350-4ba9-a507-26c2120c5993,,bd,False,100,12193,1.2137366432800125,2019-08-31,15-39-19,DC-GWU,750b62db-4b3f-4fc3-b584-05b1d8c84a36,38.897056,-77.0711
a72a7945-4eb8-4815-b26e-0b7e88f43b49,,bd,False,18,2192,1.2209417731896837,2019-08-31,15-39-19,DC-GWU,,38.894384,-77.027176
ef2ac76d-149a-4d50-a2ee-edb45155c8e7,,bd,False,97,11782,1.2290365209284795,2019-08-31,15-39-19,DC-GWU,,38.896019,-77.071155
0ae3271b-790b-4708-b6ec-7309f9c5dc1d,,bd,False,67,8220,1.2321539120587366,2019-08-31,15-39-19,DC-GWU,,38.91741,-77.047072
b54fdafc-6e97-40d7-8312-066e734bdfd0,,bd,False,81,9864,1.2389609385733964,2019-08-31,15-39-19,DC-GWU,,38.89989,-77.071802
a14a4e02-fa6b-4070-b346-17c31e56f7cf,,bd,False,36,4384,1.240615568921003,2019-08-31,15-39-19,DC-GWU,,38.892212,-77.027837
2111b709-e9cb-45cb-9e22-ef7e49f6f279,,bd,False,48,5891,1.2499040530450183,2019-08-31,15-39-19,DC-GWU,,38.909399,-77.029314
edcb90ee-6def-479d-85c8-21ddee811c00,,bd,False,67,8220,1.2556727715428813,2019-08-31,15-39-19,DC-GWU,,38.90094,-77.025588
78a8059a-9d67-4c7e-83c2-0251350b7290,,bd,False,88,10686,1.2566375612207732,2019-08-31,15-39-19,DC-GWU,,38.895925,-77.071653
19d79a81-065f-484b-83d3-af79f8276158,,bd,False,92,11234,1.2589583014259487,2019-08-31,15-39-19,DC-GWU,,38.892323,-77.070238
f0caa87f-1cc0-45f9-ba19-8fff60e5386d,,bd,False,100,12193,1.2609181845449182,2019-08-31,15-39-19,DC-GWU,74cebbf2-16fb-452b-b632-68e01a4f5829,38.893829,-77.071015
8fca8b1a-8475-4ce0-b31e-7125967f23ec,,bd,False,28,3425,1.265170434297758,2019-08-31,15-39-19,DC-GWU,,38.90324934869867,-77.02581753442439
8bf2fde1-b74a-4469-a433-828db7693181,,bd,False,62,7535,1.2667948594492622,2019-08-31,15-39-19,DC-GWU,,38.91561462547529,-77.03731650493764
5b7b8498-cd4d-4729-acd7-8a48c3fb225b,,bd,False,87,10549,1.2730993349218802,2019-08-31,15-39-19,DC-GWU,,38.906624,-77.026978
50d41b7d-0804-4e94-b83e-daeaf2eb3674,,bd,False,35,4247,1.2758598618788346,2019-08-31,15-39-19,DC-GWU,,38.914235,-77.034345
16f7f9b5-bb73-488a-add2-d0cd38b21ce8,,bd,False,80,9727,1.2881313705960156,2019-08-31,15-39-19,DC-GWU,,38.918041,-77.052582
58e4b1eb-7535-4701-bd8a-e84bbbaad96f,,bd,False,25,3014,1.2887924451797064,2019-08-31,15-39-19,DC-GWU,,38.918172,-77.046213
4866ebc2-a667-4d48-8be7-980f077bdd34,,bd,False,100,12193,1.2941746203113962,2019-08-31,15-39-19,DC-GWU,,38.894267,-77.071838
bc9180cd-91f4-44a1-a54f-6afc98cd85dc,,bd,False,61,7398,1.2981787228390478,2019-08-31,15-39-19,DC-GWU,,38.886201,-77.03191
1bdfb591-9994-457f-b7f9-8b6e4ab7c482,,bd,False,85,10412,1.3054571510650854,2019-08-31,15-39-19,DC-GWU,,38.905598,-77.025849
2b7692fa-40f1-4c77-8fcc-d1acfebad79e,,bd,False,54,6576,1.3043190999669416,2019-08-31,15-39-19,DC-GWU,,38.915934,-77.036629
c545c0a3-c489-48b9-868b-a460d8918956,,bd,False,78,9453,1.3070568348021945,2019-08-31,15-39-19,DC-GWU,,38.918536,-77.047952
21898900-94bb-40ea-be26-595390cefca8,,bd,False,83,10138,1.312944402626129,2019-08-31,15-39-19,DC-GWU,,38.893756,-77.072
b06e6914-c441-4532-9bf6-de5fb0b94b8b,,bd,False,26,3151,1.317253456748403,2019-08-31,15-39-19,DC-GWU,,38.884748,-77.033461
c5c9b0fd-ed88-4423-9187-e53f27ef083f,,bd,False,81,9864,1.32279130740394,2019-08-31,15-39-19,DC-GWU,,38.894102,-77.072329
f478d1dd-0475-443b-892e-dc2ca01988d1,,bd,False,19,2329,1.330004705778832,2019-08-31,15-39-19,DC-GWU,,38.9000441965586,-77.02415249717997
b6e8efc8-e5da-43b5-a2d4-5e8eb11b2aaa,,bd,False,42,5069,1.3311290951346413,2019-08-31,15-39-19,DC-GWU,,38.88740352824227,-77.02968461446187
0d313df7-1db4-43c8-8700-d9a71e496231,,bd,False,91,11097,1.3413280630522597,2019-08-31,15-39-19,DC-GWU,,38.91350027344476,-77.06622251043244
d9e61596-3e34-43aa-91e7-8ce2a41bf120,,bd,False,57,6987,1.3488321635026312,2019-08-31,15-39-19,DC-GWU,,38.900105,-77.023805
5d30817e-b7ca-44f4-89c9-4a2b7b645f60,,bd,False,74,9042,1.3478704465336413,2019-08-31,15-39-19,DC-GWU,,38.881145,-77.057035
70ce9afa-4400-42b9-a3e4-78f9286b4e60,,bd,False,74,9042,1.3532394261594605,2019-08-31,15-39-19,DC-GWU,,38.889929,-77.026979
89ee61e5-13f0-47b7-a7e2-71a7cba0ce0d,,bd,False,56,6850,1.357171404755192,2019-08-31,15-39-19,DC-GWU,,38.901505,-77.02376
15861f7a-843c-483b-8946-1bc3dd001646,,bd,False,63,7672,1.3529040657716054,2019-08-31,15-39-19,DC-GWU,,38.881092,-77.057124
06fb3922-c0f3-492e-a420-66236e02a39e,,bd,False,26,3151,1.3618989174206175,2019-08-31,15-39-19,DC-GWU,,38.90153,-77.023675
2a681aee-8b57-462e-adc6-194a6a5d3cc5,,bd,False,90,10960,1.3667908860951987,2019-08-31,15-39-19,DC-GWU,,38.905798,-77.072905
e664be90-a902-44cd-9de5-22b7ff0dab41,,bd,False,76,9316,1.3705232024124951,2019-08-31,15-39-19,DC-GWU,,38.906392,-77.024925
c837ff75-74e5-4c17-9ddf-936b880dd8d9,,bd,False,63,7672,1.3745512245614129,2019-08-31,15-39-19,DC-GWU,,38.887577,-77.028486
021f6a1f-0779-4179-b558-b64b40b96775,,bd,False,56,6850,1.37888279291235,2019-08-31,15-39-19,DC-GWU,,38.895198,-77.073772
45bba944-b722-47ce-8079-0745dfde2b03,,bd,False,60,7261,1.3784483014927986,2019-08-31,15-39-19,DC-GWU,,38.890066,-77.071293
0d6b295e-4bbd-4e28-9f8a-4d9a2d7bef86,,bd,False,88,10686,1.3807198145001038,2019-08-31,15-39-19,DC-GWU,,38.89515,-77.073793
fd6d6975-7989-4b71-8d91-3bf5f4af5df7,,bd,False,91,11097,1.384727908025674,2019-08-31,15-39-19,DC-GWU,,38.895649,-77.074006
88dcb319-f96d-4da7-a572-0754e6d7041e,,bd,False,24,2877,1.3970574402694533,2019-08-31,15-39-19,DC-GWU,,38.89966183967657,-77.02290218614581
4b746f21-28d6-4d3c-add7-40fbb536efcc,,bd,False,99,12056,1.4009261917385831,2019-08-31,15-39-19,DC-GWU,,38.894346,-77.073924
bcb50b51-0b26-4116-b6f1-1c479c2c9a22,,bd,False,79,9590,1.4027257450615203,2019-08-31,15-39-19,DC-GWU,,38.898317,-77.022849
e4e14ca6-9173-4f1e-94aa-25eba7a50fb4,,bd,False,74,9042,1.4026928462645871,2019-08-31,15-39-19,DC-GWU,,38.89432,-77.073949
9223b45e-2400-4ffd-8d21-d6e2634971ea,,bd,False,72,8768,1.402785476908248,2019-08-31,15-39-19,DC-GWU,,38.89426,-77.07393
c08e71f5-67a6-413c-b85c-060d17be23c0,,bd,False,66,8083,1.405838315407179,2019-08-31,15-39-19,DC-GWU,,38.907397,-77.024722
85e2df90-dd5f-43fa-a7b6-a71e63e4f02d,,bd,False,69,8357,1.4076930762962023,2019-08-31,15-39-19,DC-GWU,,38.887462117745436,-77.02782819054744
368418b1-2135-47b5-b170-87e84103d9ea,,bd,False,67,8220,1.4128051256503,2019-08-31,15-39-20,DC-GWU,,38.883532,-77.032569
d9e9828e-96a2-4782-8a73-e85cfe21d26c,,bd,False,81,9864,1.4203645246728738,2019-08-31,15-39-20,DC-GWU,,38.89307,-77.073809
99b30f17-8cc4-463b-af64-6e86bc4de858,,bd,False,71,8631,1.4184495800066153,2019-08-31,15-39-20,DC-GWU,,38.915412,-77.031995
7f2c3f47-0a1e-449d-8261-c5398fec3131,,bd,False,100,12193,1.4258716649926695,2019-08-31,15-39-20,DC-GWU,0c0ff4c5-0f52-4ed4-bfb2-99d23bf05ad5,38.894072,-77.074308
4fd17d0c-d4b3-41df-ae6e-8faf29d13c9d,,bd,False,55,6713,1.426121260519847,2019-08-31,15-39-20,DC-GWU,,38.90673078632965,-77.02398518912618
b63c5232-6eb1-417c-9020-142ac137848b,,bd,False,100,12193,1.4269519170784721,2019-08-31,15-39-20,DC-GWU,0c0ff4c5-0f52-4ed4-bfb2-99d23bf05ad5,38.894115,-77.074344
6925568f-4fe6-4225-9acd-71dbd04c2034,,bd,False,100,12193,1.4294708918514538,2019-08-31,15-39-20,DC-GWU,,38.892912,-77.073919
4f514dcb-48f1-4883-8d75-3ddddae13421,,bd,False,100,12193,1.4318874856604111,2019-08-31,15-39-20,DC-GWU,0c0ff4c5-0f52-4ed4-bfb2-99d23bf05ad5,38.89372,-77.074295
fc32f257-e140-4e64-bd2e-90ff27631514,,bd,False,78,9453,1.4395235654964478,2019-08-31,15-39-20,DC-GWU,,38.895216,-77.074929
76e65fbe-6b38-4e69-a4d9-3b87d725e572,,bd,False,46,5617,1.4448546543667593,2019-08-31,15-39-20,DC-GWU,,38.892217,-77.023737
fbcc87ab-2ad0-4e8a-8813-af371e94b6b5,,bd,False,66,8083,1.4489093367170416,2019-08-31,15-39-20,DC-GWU,,38.89991,-77.021943
456ecec7-863d-4f29-9346-98a84bdbce59,,bd,False,84,10275,1.4507880063737248,2019-08-31,15-39-20,DC-GWU,,38.914462,-77.029774
0ea18bdf-7d89-423a-9d94-7dc9d293115b,,bd,False,21,2603,1.4563807519554148,2019-08-31,15-39-20,DC-GWU,,38.89975545160008,-77.02180222555263
ee89e686-b377-43a4-a85b-f56e3f0932db,,bd,False,70,8494,1.4572089393479783,2019-08-31,15-39-20,DC-GWU,,38.894992,-77.022438
5b468be2-3b22-4718-8bb5-c48803e25817,,bd,False,76,9316,1.4577847599940885,2019-08-31,15-39-20,DC-GWU,,38.903028,-77.022133
a3662f98-4266-4358-8dca-e5f990cc9e2e,,bd,False,89,10823,1.4584451721456835,2019-08-31,15-39-20,DC-GWU,,38.894719,-77.075145
b441c5d6-e484-46d0-b444-7be240daf5a0,,bd,False,31,3836,1.4723659156565185,2019-08-31,15-39-20,DC-GWU,,38.89626656652468,-77.02184075850963
203db724-e63a-4870-a27f-9a42b3a7c3b8,,bd,False,94,11508,1.472817454094498,2019-08-31,15-39-20,DC-GWU,,38.88307494580641,-77.03151999979934
47fbce99-7a8c-49e7-b681-7c9ded8cf8ac,,bd,False,31,3836,1.4788619468480868,2019-08-31,15-39-20,DC-GWU,,38.890329,-77.024084
129e3803-8af5-44d8-8764-2fda4c2230cb,,bd,False,30,3699,1.4795794034866765,2019-08-31,15-39-20,DC-GWU,,38.91680971615047,-77.03243502691743
90f49b90-5f21-4b5f-9762-6092313a9fd2,,bd,False,91,11097,1.4855450062024733,2019-08-31,15-39-20,DC-GWU,,38.895595,-77.075898
b500f0af-c4fb-4f2e-add1-a86fbdf98769,,bd,False,100,12193,1.487978933354455,2019-08-31,15-39-20,DC-GWU,,38.89555,-77.021707
31fd574f-b1f4-44db-b0c5-63f64b66f8f0,,bd,False,70,8494,1.4900313708479886,2019-08-31,15-39-20,DC-GWU,,38.887626,-77.071825
f5daddfb-6347-41a0-bee5-fa99de48c99a,,bd,False,34,4110,1.4883924187056894,2019-08-31,15-39-20,DC-GWU,,38.920462,-77.04177
cd861c6b-84af-4f6c-bcb9-d5da47b13490,,bd,False,70,8494,1.4941280174068372,2019-08-31,15-39-20,DC-GWU,,38.90505,-77.021992
b269f90c-e7d3-46b1-92c3-d346b03dce40,,bd,False,88,10686,1.499343267782191,2019-08-31,15-39-20,DC-GWU,,38.893792,-77.075623
21ce4073-7201-4941-9b15-5cd9c20a4e11,,bd,False,42,5069,1.499707457975018,2019-08-31,15-39-20,DC-GWU,,38.894648,-77.02173
4bdf5257-7850-4199-8a9f-697b31184ea9,,bd,False,34,4110,1.5021165934531884,2019-08-31,15-39-20,DC-GWU,,38.89313106931539,-77.02221226404134
4c6815f3-db1b-4ccd-bd5a-7e5fdd1afcf1,,bd,False,93,11371,1.5069536790510434,2019-08-31,15-39-20,DC-GWU,,38.914341,-77.028185
713f0cc3-d78c-463a-beaf-18bea3a6c387,,bd,False,76,9316,1.5109140568427422,2019-08-31,15-39-20,DC-GWU,,38.905523,-77.021833
2c7e335c-d1ef-41f0-a9e9-5249aa421d2e,,bd,False,98,11919,1.5171502151241343,2019-08-31,15-39-20,DC-GWU,,38.892876,-77.075617
e4408a91-0599-4ee3-8af9-f380e8e718a2,,bd,False,97,11782,1.5179429401827196,2019-08-31,15-39-20,DC-GWU,,38.895068,-77.076376
cd07f7c3-faf0-44d8-a264-bdfcbedc5d3c,,bd,False,66,8083,1.5187855730599116,2019-08-31,15-39-20,DC-GWU,,38.896094,-77.076636
5f043dc7-5b51-4eeb-bf65-e2b84fb554a9,,bd,False,87,10549,1.5197603342812174,2019-08-31,15-39-20,DC-GWU,,38.905513,-77.021659
e08ef955-205f-48eb-b81e-af12d8504331,,bd,False,65,7946,1.52022571774792,2019-08-31,15-39-20,DC-GWU,,38.892076,-77.022313
e246ffb4-2378-4c37-ae91-522770abc961,,bd,False,46,5617,1.5214562945530423,2019-08-31,15-39-20,DC-GWU,,38.892238461448706,-77.0222141594412
f8f2f4bb-143d-4cc0-82f8-101cb848c58e,,bd,False,51,6165,1.5280196833814095,2019-08-31,15-39-20,DC-GWU,,38.89188239820198,-77.02225003398678
5b513d64-0f23-4d98-98b8-02e408196834,,bd,False,81,9864,1.523285945729177,2019-08-31,15-39-20,DC-GWU,,38.921551,-77.045737
5bfdf0b3-5f01-4cbf-885c-deab85eed390,,bd,False,100,12193,1.5481929006679571,2019-08-31,15-39-20,DC-GWU,73e47b11-b563-4e03-a12a-5d6c65b354d3,38.893422,-77.076431
250d5927-3f3c-4eeb-8408-bd5c66975ef9,,bd,False,100,12193,1.5486129115827325,2019-08-31,15-39-20,DC-GWU,73e47b11-b563-4e03-a12a-5d6c65b354d3,38.893362,-77.076417
8007884f-3b7e-425c-a68b-4d6b517abd29,,bd,False,100,12193,1.549763116220805,2019-08-31,15-39-20,DC-GWU,73e47b11-b563-4e03-a12a-5d6c65b354d3,38.893413,-77.076458
135eb7bd-c753-4e6e-abe9-6053a405f422,,bd,False,100,12193,1.556656932977394,2019-08-31,15-39-20,DC-GWU,73e47b11-b563-4e03-a12a-5d6c65b354d3,38.893291,-77.076546
d90e77f5-952c-4598-ba76-84b41137fb69,,bd,False,93,11371,1.557800123491256,2019-08-31,15-39-20,DC-GWU,,38.891372,-77.075732
d205225b-4fe0-4026-98de-253ac61d5018,,bd,False,87,10549,1.5601908890035292,2019-08-31,15-39-20,DC-GWU,,38.893915,-77.076834
37bdfb4a-218b-4bc5-94cc-e8d88266fc2f,,bd,False,76,9316,1.5562221654000195,2019-08-31,15-39-20,DC-GWU,,38.922119,-77.047075
ed1807de-714f-4761-bc5e-3cc8949a871c,,bd,False,45,5480,1.5697952787664156,2019-08-31,15-39-20,DC-GWU,,38.894347,-77.020485
4bbc65a3-ce9a-413c-9f02-ab9319ec444b,,bd,False,91,11097,1.5730083147068803,2019-08-31,15-39-20,DC-GWU,,38.893965,-77.077096
8aca86c2-02a9-483a-9f8d-2698cfb58205,,bd,False,62,7535,1.5834329460652283,2019-08-31,15-39-20,DC-GWU,,38.916666,-77.029172
b9d08fc1-9dd9-4bc2-b793-3901483735e9,,bd,False,91,11097,1.5865185463481373,2019-08-31,15-39-20,DC-GWU,,38.893109,-77.077055
1673d824-338e-4c28-af48-0215c05b3d39,,bd,False,29,3562,1.58108743366916,2019-08-31,15-39-20,DC-GWU,,38.921966,-77.042405
223e9332-c8b6-4f13-94cb-2c9499c47ad3,,bd,False,80,9727,1.594670195299277,2019-08-31,15-39-20,DC-GWU,,38.915183,-77.026965
141c3dc9-fb0a-4dff-ad13-35d0276b3b5e,,bd,False,25,3014,1.5987469430190886,2019-08-31,15-39-20,DC-GWU,,38.892327,-77.02066
8bead0d8-13ea-4eff-be67-5f274c7548b4,,bd,False,74,9042,1.599073904287507,2019-08-31,15-39-20,DC-GWU,,38.889868,-77.075743
5f8278a4-b41a-4dfe-a7b9-4791017af74d,,bd,False,71,8631,1.5950780768958133,2019-08-31,15-39-20,DC-GWU,,38.921711,-77.040158
154add84-f400-4ad6-a221-735fd77cb88d,,bd,False,44,5343,1.6054662505541581,2019-08-31,15-39-20,DC-GWU,,38.896441,-77.078328
a8f662de-ffa0-4a8b-9911-a01e05b47311,,bd,False,64,7809,1.6093382630721702,2019-08-31,15-39-20,DC-GWU,,38.916739,-77.069079
e26272ef-472f-4e93-98f4-cfbf80a111b0,,bd,False,78,9453,1.614829242013295,2019-08-31,15-39-20,DC-GWU,,38.896468,-77.078508
86987b20-9b67-4d8d-8afb-4f4392092027,,bd,False,66,8083,1.6189604372585937,2019-08-31,15-39-20,DC-GWU,,38.92149411145497,-77.03799912713193
51ecaed8-199d-46ab-9c04-30ad67b07c53,,bd,False,34,4110,1.6285038608293063,2019-08-31,15-39-20,DC-GWU,,38.89279321771012,-77.0198927075388
45c79a2b-718f-48fd-8e64-2604092f9b1f,,bd,False,35,4247,1.629172507136516,2019-08-31,15-39-20,DC-GWU,,38.884223,-77.025882
3399a8ac-782c-4c61-bbec-684f125f547c,,bd,False,37,4521,1.634439198179446,2019-08-31,15-39-20,DC-GWU,,38.896971,-77.078954
2308e77e-8057-49db-aeb5-424b13780b71,,bd,False,75,9179,1.6344517707827866,2019-08-31,15-39-20,DC-GWU,,38.897033,-77.078963
a6038a52-2072-4f64-acc3-252dfc2a029a,,bd,False,87,10549,1.637064863773516,2019-08-31,15-39-20,DC-GWU,,38.901884,-77.01859
f428d3ac-cc15-4bc0-844f-7773663830fe,,bd,False,78,9453,1.6386106176165052,2019-08-31,15-39-20,DC-GWU,,38.896986,-77.079034
5eaf89b2-3595-4cb1-b337-51dd3ff1710e,,bd,False,66,8083,1.635064848703349,2019-08-31,15-39-20,DC-GWU,,38.922299,-77.040083
2328222f-d30a-4165-9a32-2d6173c3cb69,,bd,False,72,8768,1.6419128230599256,2019-08-31,15-39-20,DC-GWU,,38.894163,-77.078474
300a83d2-f7d2-4089-bb7d-212f1f9683ef,,bd,False,81,9864,1.6403160513797992,2019-08-31,15-39-20,DC-GWU,,38.917448,-77.068931
6a984b2f-ac73-4b49-aadb-4ff46cb6046f,,bd,False,75,9179,1.6443826410899667,2019-08-31,15-39-20,DC-GWU,,38.889927,-77.0767
c2bb08f5-5e65-4a16-bf21-331330ea53d7,,bd,False,31,3836,1.645487422930039,2019-08-31,15-39-20,DC-GWU,,38.910161,-77.021446
68d9a1db-60bf-41be-8483-0c11db2c3bec,,bd,False,39,4795,1.6431925047047484,2019-08-31,15-39-20,DC-GWU,,38.919349,-77.031772
cc752cc7-898c-4f64-9f48-b93f2c2a438c,,bd,False,66,8083,1.6421133814839117,2019-08-31,15-39-20,DC-GWU,,38.922431,-77.040192
2fdefb63-3035-4fc1-a266-66b281c56e51,,bd,False,81,9864,1.6451923138750861,2019-08-31,15-39-20,DC-GWU,,38.920425,-77.033941
df08e2d3-c3e4-4264-8fc3-a4dd6d51a877,,bd,False,38,4658,1.651338085458746,2019-08-31,15-39-20,DC-GWU,,38.892869,-77.019422
92901b5d-8d7c-4617-945d-4eec3e733407,,bd,False,34,4110,1.6524898744395176,2019-08-31,15-39-20,DC-GWU,,38.892773,-77.019436
15486d13-903a-4179-8c18-9aac35bec9c5,,bd,False,70,8494,9.537599903323688,2019-08-31,15-39-30,Arlington,,38.886373,-77.1618
ad266ac6-6ff4-44f6-900c-e68854830b84,,bd,False,81,9864,9.53737731490762,2019-08-31,15-39-30,Arlington,,38.886537,-77.161833
9daee275-195d-4fd9-856f-91b2512e8b4d,,bd,False,30,3699,9.581426741579572,2019-08-31,15-39-30,Arlington,,38.874524,-77.159253
2e78770e-3732-44d0-afff-42c7b55ab5c7,,bd,False,73,8905,8.839069930478134,2019-08-31,15-39-30,Arlington,,38.87688,-77.145806
e284d220-ffad-445d-8f56-3e725d3cb29d,,bd,False,80,9727,8.507860225108336,2019-08-31,15-39-30,Arlington,,38.886061,-77.142283
20f5fab1-2699-4845-a0ca-31a819d6b779,,bd,False,88,10686,8.267794672565229,2019-08-31,15-39-30,Arlington,,38.879673,-77.135796
0c2f98f2-7988-4077-a2e6-3f3732d61ab7,,bd,False,89,10823,8.17939667627679,2019-08-31,15-39-30,Arlington,,38.89733,-77.138387
4660a51c-e4f9-4e9d-8c3b-1da8b776992c,,bd,False,90,10960,7.727829389682253,2019-08-31,15-39-30,Arlington,,38.889552,-77.128416
0f9e0dba-9f18-4e12-a902-ad855237b143,,bd,False,97,11782,7.728535867946901,2019-08-31,15-39-30,Arlington,,38.887518,-77.127908
18cac6c4-4da5-4c4c-aed8-1534be3b5c0d,,bd,False,90,10960,7.953679623335149,2019-08-31,15-39-30,Arlington,,38.902824,-77.134814
37ff2281-19c1-4b64-bff0-2c26b48df0c3,,bd,False,16,1918,7.628111393934112,2019-08-31,15-39-30,Arlington,,38.888151,-77.126174
8e2d0880-40d5-4785-8306-5a12de976ffe,,bd,False,89,10823,7.589362258884375,2019-08-31,15-39-30,Arlington,,38.884356,-77.124341
5affd6b4-6100-4a97-b73e-f25cd6b83fd7,,bd,False,93,11371,7.523001444594597,2019-08-31,15-39-30,Arlington,,38.884856,-77.12323
90d6ed83-4e68-4c16-8641-0c5d616d5278,,bd,False,48,5891,7.5199698341084105,2019-08-31,15-39-30,Arlington,,38.884804,-77.123156
eb886866-0098-4376-a3ee-a4699d49c777,,bd,False,94,11508,7.4579194151776145,2019-08-31,15-39-30,Arlington,,38.884398,-77.121843
da2180e7-2c1b-471c-b846-ecd5fa8dede7,,bd,False,96,11645,7.460265628423671,2019-08-31,15-39-30,Arlington,,38.884214,-77.121829
81cfa9e8-1fe4-4239-b2c2-c2530a70547a,,bd,False,66,8083,7.473078773027799,2019-08-31,15-39-30,Arlington,,38.883343,-77.12179
540c46f9-f4ac-4fda-8fb0-d87b513e58f4,,bd,False,88,10686,7.3257847240399485,2019-08-31,15-39-30,Arlington,,38.890041,-77.120941
4c412fe1-066c-41ac-9678-330331bf9297,,bd,False,67,8220,7.429096044718867,2019-08-31,15-39-30,Arlington,,38.881138,-77.120179
adb5c5c1-97ce-466d-82d4-0961a3de7ce9,,bd,False,62,7535,8.089120787230485,2019-08-31,15-39-30,Arlington,,38.865291,-77.126036
8d928362-4128-4472-923d-5825de8c5611,,bd,False,98,11919,7.711625510089606,2019-08-31,15-39-30,Arlington,,38.872145,-77.121954
8f168373-26e6-43ef-9020-a37f9a9d9295,,bd,False,91,11097,7.271310091723001,2019-08-31,15-39-30,Arlington,,38.886755,-77.119008
41c286ee-b0c3-40cc-8b83-a71111b1580a,,bd,False,76,9316,7.241397398462528,2019-08-31,15-39-30,Arlington,,38.884851,-77.117848
c369fa46-b4aa-433a-8c1c-a87f50e75c29,,bd,False,100,12193,7.360177252545017,2019-08-31,15-39-30,Arlington,,38.879119,-77.118082
1b144b74-2815-4649-91a0-7e1f9ee8a985,,bd,False,73,8905,7.353230899015691,2019-08-31,15-39-30,Arlington,,38.879243,-77.117996
56b88a99-054e-4453-adbc-2a7cfb060f0d,,bd,False,93,11371,7.228798278207893,2019-08-31,15-39-30,Arlington,,38.884913,-77.117627
87b24013-d165-4980-a5d1-578786114346,,bd,False,100,12193,7.206559680029341,2019-08-31,15-39-30,Arlington,,38.884702,-77.117133
49471a15-18a5-4a9f-9fbf-f71eb8d7d6de,,bd,False,70,8494,7.160189515241649,2019-08-31,15-39-30,Arlington,,38.887958,-77.117244
6aeb7fbc-4839-49e4-bf05-d3037da62710,,bd,False,100,12193,7.227129245480144,2019-08-31,15-39-30,Arlington,,38.882725,-77.116857
08640361-13b5-47c3-9944-5b5488b257d4,,bd,False,46,5617,7.134357852704575,2019-08-31,15-39-30,Arlington,,38.891439,-77.117669
16548190-b82b-4e9b-b138-6cba077f6bb8,,bd,False,100,12193,7.203326714000485,2019-08-31,15-39-30,Arlington,,38.88255,-77.116337
d5b10abc-1189-4e8d-8816-25dae3b4dd11,,bd,False,94,11508,7.202888142121606,2019-08-31,15-39-30,Arlington,,38.882255,-77.116223
8a0e1d65-fe6b-4e74-9e79-34f10398f601,,bd,False,99,12056,7.333261320657679,2019-08-31,15-39-30,Arlington,,38.876906,-77.11665
14ceb74c-d91c-4888-b3dd-4ef8b5652273,,bd,False,63,7672,7.4245583562417945,2019-08-31,15-39-30,Arlington,,38.874272,-77.117277
542f68c5-0ad2-4fa4-9a10-3839a1c9a851,,bd,False,99,12056,7.206253699639768,2019-08-31,15-39-30,Arlington,,38.881094,-77.115861
88a0d634-a8e7-4439-8bb6-310d008a2302,,bd,False,98,11919,7.205561256843504,2019-08-31,15-39-30,Arlington,,38.881111,-77.115854
6bf45610-1c9e-4a75-8b6b-37f050a99534,,bd,False,100,12193,7.177016123052253,2019-08-31,15-39-30,Arlington,0c0c8caa-26b0-492f-8f6b-76c8a751a855,38.881471,-77.115437
ba3191d9-b01d-4c12-816c-65dcebf8680f,,bd,False,96,11645,7.14913264034738,2019-08-31,15-39-30,Arlington,,38.882396,-77.115238
aaa3f12b-f332-4e3e-880c-2254ccba339e,,bd,False,70,8494,7.078283301302781,2019-08-31,15-39-30,Arlington,,38.886545,-77.115266
8a686b4d-962c-4626-8c65-0c9b2c594725,,bd,False,100,12193,7.1815584673556065,2019-08-31,15-39-30,Arlington,8af8839a-e8ff-4131-a6e5-391b7b3af391,38.880763,-77.115258
d40b3a01-cd64-4d42-909e-ba85f930ba3d,,bd,False,78,9453,7.074759873735293,2019-08-31,15-39-30,Arlington,,38.886429,-77.115163
3d6b9a61-f9f9-4caa-8a04-40ea320882b3,,bd,False,85,10412,7.194331099779837,2019-08-31,15-39-30,Arlington,,38.880096,-77.115248
1333cc78-8f85-45a2-acbe-eca988216d34,,bd,False,99,12056,7.159042265233044,2019-08-31,15-39-30,Arlington,,38.881128,-77.114961
2fd68374-6f3c-4927-9559-1e7df1369d44,,bd,False,100,12193,7.156532605649018,2019-08-31,15-39-30,Arlington,,38.88114,-77.114917
ae5eab14-fe87-4922-b96a-606f598c704c,,bd,False,99,12056,7.072293983871213,2019-08-31,15-39-30,Arlington,,38.885113,-77.114697
a00887af-2ff8-4cbd-91a1-a9c3f282cd6c,,bd,False,100,12193,7.1328470457087105,2019-08-31,15-39-30,Arlington,,38.88177,-77.114695
b6bb1e62-5831-4271-9183-ae8ab90121d8,,bd,False,96,11645,7.1818147139931305,2019-08-31,15-39-30,Arlington,,38.879684,-77.114843
bdb412bc-1e84-49c7-9b9f-d163a266a4b9,,bd,False,92,11234,7.067154730850477,2019-08-31,15-39-30,Arlington,,38.885102,-77.114595
09d73fec-7d1e-478d-8d47-958922ba3498,,bd,False,91,11097,7.144890346322832,2019-08-31,15-39-30,Arlington,,38.880964,-77.114625
9f952664-1eae-448e-8ced-d95f8b09ab62,,bd,False,79,9590,7.251204563601402,2019-08-31,15-39-30,Arlington,,38.876747,-77.114976
d9da34a0-ef49-4d63-9778-374820a1f39b,,bd,False,94,11508,7.07588915560503,2019-08-31,15-39-30,Arlington,,38.88328,-77.114143
e34864b9-994d-421c-be25-100f6a7c6a52,,bd,False,92,11234,7.022806220405318,2019-08-31,15-39-30,Arlington,,38.886647,-77.114239
c1a8c4c0-9725-42d3-9c24-92470b132741,,bd,False,100,12193,7.1331441690495465,2019-08-31,15-39-30,Arlington,,38.88048029062969,-77.1142114165992
4ae7281d-8792-46b2-bb3b-872d446684eb,,bd,False,98,11919,7.2613223343443245,2019-08-31,15-39-30,Arlington,,38.876121,-77.1149
42ecbbb5-f7e1-4b4c-8edc-e4d9f153133a,,bd,False,100,12193,6.998034641287714,2019-08-31,15-39-30,Arlington,,38.888627,-77.114353
4f51a5c0-9db4-4d22-9189-24c1b6ccdaac,,bd,False,82,10001,7.056742611592777,2019-08-31,15-39-30,Arlington,,38.882788,-77.113599
b9facceb-a5ce-49e1-b90c-6457a6039b25,,bd,False,88,10686,7.118935903202882,2019-08-31,15-39-30,Arlington,,38.879994,-77.113745
88bc1c74-a967-47f5-bf8f-df110c7ffeff,,bd,False,89,10823,7.141678452441667,2019-08-31,15-39-30,Arlington,,38.878822,-77.113714
d4a7d568-9092-45e4-b691-b45c009d3846,,bd,False,84,10275,6.9995410704601575,2019-08-31,15-39-30,Arlington,,38.885102,-77.1133
4ff7ca9c-ccf9-4b2a-bc7e-6b9a08ff0d21,,bd,False,97,11782,7.003320079237661,2019-08-31,15-39-30,Arlington,,38.884631,-77.113215
d402bbbe-e072-4ead-8ad1-d893b44569b5,,bd,False,84,10275,7.020519971190823,2019-08-31,15-39-30,Arlington,,38.882827,-77.112915
dab9aa72-3279-49ea-b85c-6deb0feaee9c,,bd,False,100,12193,7.01442105377801,2019-08-31,15-39-30,Arlington,04d67576-776a-4549-a5d9-bc34eae39a9f,38.88287,-77.112813
9c96424a-a407-4200-8f18-ac9e8d541885,,bd,False,75,9179,7.04258153454875,2019-08-31,15-39-30,Arlington,,38.881402,-77.112812
b60dcdac-b914-4491-b173-876c42762a15,,bd,False,100,12193,7.0239691447253065,2019-08-31,15-39-30,Arlington,5778441f-e13d-47b5-aa0a-0a0fac886191,38.882219,-77.112759
d17b1906-4b6d-4e3a-bb43-d77f4bfef72e,,bd,False,98,11919,7.024435446939957,2019-08-31,15-39-30,Arlington,5778441f-e13d-47b5-aa0a-0a0fac886191,38.88213,-77.112735
9bc80b27-25cb-498c-b1d7-941347fc920b,,bd,False,100,12193,7.006332871855469,2019-08-31,15-39-30,Arlington,04d67576-776a-4549-a5d9-bc34eae39a9f,38.882986,-77.112699
2df2f27c-9fa0-43d1-82bf-23471dc436a1,,bd,False,100,12193,7.005053415221552,2019-08-31,15-39-30,Arlington,04d67576-776a-4549-a5d9-bc34eae39a9f,38.882949,-77.112661
1b29d5de-3ecb-4e31-843f-2a5180623f94,,bd,False,92,11234,7.018028480677275,2019-08-31,15-39-30,Arlington,,38.882302,-77.112675
9f77e18a-ad0b-4fcc-88a7-0c2ddda5dbb2,,bd,False,100,12193,7.006735612216099,2019-08-31,15-39-30,Arlington,04d67576-776a-4549-a5d9-bc34eae39a9f,38.88284,-77.112654
eb811e3b-91f5-4d5d-9473-9803e17d796c,,bd,False,84,10275,7.015458274612761,2019-08-31,15-39-30,Arlington,,38.882404,-77.112663
eb2c3cda-0be7-4006-9d7f-9e93a17a6761,,bd,False,97,11782,7.005517950861928,2019-08-31,15-39-30,Arlington,04d67576-776a-4549-a5d9-bc34eae39a9f,38.882822,-77.112624
c37fb879-9501-43cf-8b0c-decaf18f9fdb,,bd,False,100,12193,7.049119713456392,2019-08-31,15-39-30,Arlington,54370d67-5f94-45c2-9a25-3f4d29f38bdf,38.880849,-77.112726
8290d4d4-971a-4607-a7a8-24d06bdd000b,,bd,False,94,11508,6.980473388367237,2019-08-31,15-39-30,Arlington,19272a2e-20a5-4bc3-a03d-2a7271ecf5cf,38.883853,-77.112509
e9bfc64f-3411-434d-9dba-79b4157b226e,,bd,False,100,12193,7.049443518586804,2019-08-31,15-39-30,Arlington,54370d67-5f94-45c2-9a25-3f4d29f38bdf,38.88062,-77.112643
95c25de5-801a-4699-84a4-00f4c28de4ef,,bd,False,100,12193,6.998272469594968,2019-08-31,15-39-30,Arlington,,38.882703,-77.112441
f5788462-6103-41a2-845a-94419c953a0c,,bd,False,100,12193,6.998665453560167,2019-08-31,15-39-30,Arlington,,38.882592,-77.112408
cb5ab42c-4ce4-4b23-a9dd-306a37010467,,bd,False,100,12193,6.969622863633048,2019-08-31,15-39-30,Arlington,,38.883955,-77.112336
35ffa0c0-7bab-4844-9e18-23e01ed35be5,,bd,False,100,12193,6.969786299832887,2019-08-31,15-39-30,Arlington,19272a2e-20a5-4bc3-a03d-2a7271ecf5cf,38.883883,-77.112314
b94981aa-84e6-4014-84ca-f9ff61c8562c,,bd,False,100,12193,6.943931898674747,2019-08-31,15-39-30,Arlington,,38.885354,-77.112318
b0888adf-d13b-4e31-94eb-8438d2838b10,,esx,False,100,14863,7.002978269782052,2019-08-31,15-39-30,Arlington,50f6b797-7f88-4757-ac2a-d321bc1285a2,38.88208833333333,-77.112305
df448ad1-c592-42b2-832a-b1dfb327e16e,,bd,False,98,11919,6.9949955972403055,2019-08-31,15-39-30,Arlington,50f6b797-7f88-4757-ac2a-d321bc1285a2,38.88245,-77.112285
885d44a9-9ef7-41de-9651-803687091f45,,bd,False,100,12193,7.002461663996124,2019-08-31,15-39-30,Arlington,50f6b797-7f88-4757-ac2a-d321bc1285a2,38.882099,-77.112299
16ff968e-497d-4f4b-9e3b-422f48e184d4,,bd,False,90,10960,6.941436976260597,2019-08-31,15-39-30,Arlington,,38.885417,-77.112291
6ea78711-8e79-49c5-afb7-0ca5d7b75d4a,,bd,False,100,12193,6.995904027545225,2019-08-31,15-39-30,Arlington,50f6b797-7f88-4757-ac2a-d321bc1285a2,38.882184,-77.112204
3bf30f24-1752-4daa-872b-d3fd224ea1ee,,bd,False,100,12193,6.994256090773766,2019-08-31,15-39-30,Arlington,,38.88224,-77.112193
6cb52a07-e18a-47a8-8de3-80aea74047f2,,bd,False,100,12193,6.960211547163298,2019-08-31,15-39-30,Arlington,19272a2e-20a5-4bc3-a03d-2a7271ecf5cf,38.883972,-77.112161
d9460c12-691e-443a-ae23-3755e5c7e286,,bd,False,89,10823,6.99579934693786,2019-08-31,15-39-30,Arlington,d8580218-bfad-4503-8db1-373bb59731f5,38.882117,-77.112177
83e678a8-03aa-4708-be39-2dc53805d04d,,bd,False,98,11919,6.9906229731324405,2019-08-31,15-39-30,Arlington,d8580218-bfad-4503-8db1-373bb59731f5,38.882297,-77.112144
cbf58272-7e58-4ec5-af57-413121a2c95f,,bd,False,93,11371,6.987326612904171,2019-08-31,15-39-30,Arlington,d8580218-bfad-4503-8db1-373bb59731f5,38.882423,-77.112127
d827110c-fd68-49bb-b754-238fd91e7e7a,,bd,False,100,12193,6.992726999987461,2019-08-31,15-39-30,Arlington,,38.882126,-77.112121
950bcb1d-c93c-4656-9638-8087cfb72e33,,bd,False,100,12193,6.99362150316254,2019-08-31,15-39-30,Arlington,d8580218-bfad-4503-8db1-373bb59731f5,38.882045,-77.112108
2b352942-f440-4b1b-b1ec-57ad381aa9dd,,bd,False,73,8905,7.020857566312522,2019-08-31,15-39-30,Arlington,,38.880841,-77.112175
20277721-7f6b-405f-a9a2-4afa5a0c93c1,,bd,False,98,11919,6.988570764116275,2019-08-31,15-39-30,Arlington,d8580218-bfad-4503-8db1-373bb59731f5,38.882076,-77.112022
cc44cab0-c18e-43ef-9809-0c560c3f27be,,bd,False,100,12193,6.984511340155956,2019-08-31,15-39-30,Arlington,d8580218-bfad-4503-8db1-373bb59731f5,38.882203,-77.111991
ef9e2d35-23d2-4266-82e3-da47e34be70d,,bd,False,88,10686,6.929762470667968,2019-08-31,15-39-30,Arlington,,38.88496,-77.111915
d26642d0-0234-47d9-8fd9-259fdff09290,,bd,False,96,11645,7.225807915397102,2019-08-31,15-39-30,Arlington,,38.874003,-77.113228
aa87244b-111c-4125-83b2-db812fecf6cb,,bd,False,88,10686,6.99174669135131,2019-08-31,15-39-30,Arlington,,38.881376,-77.111818
4c04a8a1-5836-478c-9ec7-3f0631391091,,bd,False,98,11919,6.920882934785515,2019-08-31,15-39-30,Arlington,,38.884878,-77.111717
a4a7bce9-ebbe-4791-aa58-1aa2d237e3d4,,bd,False,79,9590,7.023879330974275,2019-08-31,15-39-30,Arlington,,38.879736,-77.111794
96a1e695-d9c2-45bd-a409-f64b39e0982c,,bd,False,74,9042,6.969538347309581,2019-08-31,15-39-30,Arlington,,38.881603,-77.111475
f60c8b1e-415a-4087-99a5-43c01f1b6bbe,,bd,False,94,11508,6.91771098606428,2019-08-31,15-39-30,Arlington,,38.88417,-77.111413
37c24b2d-63f9-476e-b930-939d16653b3a,,bd,False,100,12193,6.941749259474409,2019-08-31,15-39-30,Arlington,,38.882857,-77.111407
6005a067-2ec4-412d-a39d-c0167c98ebc9,,bd,False,100,12193,6.960383258929591,2019-08-31,15-39-30,Arlington,bff134ec-2ffc-4238-bc13-28e54580c81c,38.881964,-77.111435
0f5cfc76-836d-4496-8651-9f17795ef7f8,,bd,False,93,11371,6.955223828315647,2019-08-31,15-39-30,Arlington,,38.882184,-77.111418
8c48764a-dcf1-46c6-9202-280e664f9ab8,,bd,False,100,12193,6.958221825637564,2019-08-31,15-39-30,Arlington,bff134ec-2ffc-4238-bc13-28e54580c81c,38.881937,-77.111383
e76875e7-b65b-424b-af7d-f6000267e574,,bd,False,100,12193,7.114368417536789,2019-08-31,15-39-30,Arlington,,38.876115,-77.11201
12fae8ca-c092-4071-ae6e-91ae3b404a2d,,bd,False,100,12193,6.966190774023519,2019-08-31,15-39-30,Arlington,,38.881177,-77.111246
fad2ba5f-091d-44e3-9398-7f42dae3a931,,bd,False,88,10686,6.961730377405621,2019-08-31,15-39-30,Arlington,,38.881055,-77.111112
ef1cb7f2-f67a-4d86-b708-78a95f047496,,bd,False,91,11097,6.8834187197810595,2019-08-31,15-39-30,Arlington,,38.884863,-77.110993
d1d40ce2-5e19-476d-8c47-7471d3722a18,,bd,False,79,9590,6.92463976237562,2019-08-31,15-39-30,Arlington,,38.882243,-77.110849
d98668d2-0d3b-45cb-98a1-1d1e008b86ad,,bd,False,100,12193,6.958064596931183,2019-08-31,15-39-30,Arlington,fad69316-90a8-4fde-a4b8-66aa1b871169,38.880717,-77.110908
4f4dd16f-09ff-4a6d-80ed-08e6449d8a2c,,bd,False,90,10960,6.920157225944465,2019-08-31,15-39-30,Arlington,,38.88229,-77.11078
74e63f3e-7e26-4fa7-afa8-e1f677ba965e,,bd,False,100,12193,6.917883970692677,2019-08-31,15-39-30,Arlington,498bc230-d09e-4980-a573-55da6d68bed2,38.882104,-77.110666
b4868fc3-1a1f-4260-ac5a-3a965e57b373,,bd,False,84,10275,6.917665821100228,2019-08-31,15-39-30,Arlington,498bc230-d09e-4980-a573-55da6d68bed2,38.882094,-77.110658
9e0310b0-cf45-4381-8666-b52d86446342,,bd,False,100,12193,6.914834199592484,2019-08-31,15-39-30,Arlington,,38.882141,-77.110621
22089a30-2aab-4424-8df8-18d72c07363b,,bd,False,83,10138,6.9402035573303325,2019-08-31,15-39-30,Arlington,,38.880646,-77.110533
5d1a971b-3652-4018-b8c2-a3e3be1556cc,,bd,False,100,12193,6.866676580215678,2019-08-31,15-39-30,Arlington,,38.883995,-77.11037
9e5bdadf-f022-4b5f-b916-40dfd5aeeaae,,bd,False,100,12193,6.933033599266083,2019-08-31,15-39-30,Arlington,,38.880866,-77.110481
a9c5450d-656e-4209-b7f0-16d50da14c75,,bd,False,100,12193,6.94585579438346,2019-08-31,15-39-30,Arlington,,38.880309,-77.110508
c5a3ff36-62b0-4a3c-8560-0756965ffd5c,,bd,False,83,10138,6.928175731891541,2019-08-31,15-39-30,Arlington,,38.880887,-77.110395
0a439980-e9bb-4817-9967-dae631a55ae9,,bd,False,98,11919,6.910616202679682,2019-08-31,15-39-30,Arlington,,38.88159,-77.110329
38d203df-212a-43af-a6f5-53a880e303c0,,bd,False,100,12193,6.894268763720293,2019-08-31,15-39-30,Arlington,6d39611e-4de8-4840-bd33-ddd91766ef79,38.88227,-77.110272
722fb309-c41e-464f-ab1c-f49bae39e2d1,,bd,False,100,12193,6.895203147865246,2019-08-31,15-39-30,Arlington,6d39611e-4de8-4840-bd33-ddd91766ef79,38.882156,-77.110247
7af58284-9436-4e1b-9b65-0ced867133f7,,bd,False,100,12193,6.887336126700974,2019-08-31,15-39-30,Arlington,6d39611e-4de8-4840-bd33-ddd91766ef79,38.882294,-77.110147
834c2b45-c520-449d-998e-2fdcd8e655d7,,bd,False,94,11508,7.081989049056925,2019-08-31,15-39-30,Arlington,,38.87539,-77.111039
954f203b-78bd-4c4e-bfe1-7ce84c4b90fb,,bd,False,74,9042,7.035560665892497,2019-08-31,15-39-30,Arlington,,38.876633,-77.110694
09676d22-79ff-4da8-83c2-f6d6315f1235,,bd,False,100,12193,6.934765500995613,2019-08-31,15-39-30,Arlington,,38.87982177918878,-77.11009421777078
5465729a-d15d-4814-b136-5ee5b0666ebd,,bd,False,94,11508,6.920217241754636,2019-08-31,15-39-30,Arlington,,38.880355,-77.110028
407e9fa0-1979-4e1d-9398-f266496bba9f,,bd,False,90,10960,7.016108606845184,2019-08-31,15-39-30,Arlington,,38.87695,-77.110454
650174d6-466c-44ef-bb01-10ec4e58761e,,bd,False,87,10549,6.868362764871834,2019-08-31,15-39-30,Arlington,,38.882421,-77.109828
bd90af2a-61ea-423b-b5fc-88a9c5e88033,,bd,False,94,11508,6.875228169854042,2019-08-31,15-39-30,Arlington,,38.882031,-77.109813
b2d3eeff-e098-4f4b-a695-a2e9a1c0fd6d,,bd,False,100,12193,6.879013394466339,2019-08-31,15-39-30,Arlington,,38.881824,-77.109807
99f28851-f608-404e-aa81-5564a502912e,,bd,False,97,11782,6.863102828865697,2019-08-31,15-39-30,Arlington,,38.882476,-77.109747
a4b4307d-d612-44c9-8bae-4d9e4a5e8085,,bd,False,85,10412,6.829812229291557,2019-08-31,15-39-30,Arlington,,38.88405,-77.10968
6c0065eb-d70b-42a7-b8bb-8aa8116df379,,bd,False,100,12193,6.860535816249052,2019-08-31,15-39-30,Arlington,58bfcc4f-99f0-463e-9481-042ed82a6717,38.882308,-77.109634
bd305d40-1433-4bd0-b384-1c81006d5fb8,,bd,False,63,7672,6.911888584992313,2019-08-31,15-39-30,Arlington,,38.880133,-77.109776
f7813da6-64f9-4674-bcca-6e9c7fe7a6fc,,bd,False,85,10412,6.880339933324484,2019-08-31,15-39-30,Arlington,,38.881172,-77.109579
97a3b768-c8dd-4f99-a99a-7c8fef08394d,,bd,False,100,12193,6.877078545599605,2019-08-31,15-39-30,Arlington,08b46018-9c96-4800-bf77-b2689b3b4f30,38.881221,-77.109535
07fdb444-7fc9-453e-abec-e7fd70f44765,,bd,False,100,12193,6.877171833300705,2019-08-31,15-39-30,Arlington,08b46018-9c96-4800-bf77-b2689b3b4f30,38.881158,-77.109512
434f75c7-ad85-4147-9162-c3a980839c3d,,bd,False,100,12193,6.877327376243878,2019-08-31,15-39-30,Arlington,08b46018-9c96-4800-bf77-b2689b3b4f30,38.881125,-77.109502
167f869f-d09d-4c3b-a2ae-6ada51622f47,,bd,False,76,9316,6.851559917364004,2019-08-31,15-39-30,Arlington,,38.882068,-77.109369
e3ff15f8-0120-4dc2-b048-8595ebf0e40f,,bd,False,90,10960,6.870635524391288,2019-08-31,15-39-30,Arlington,,38.880913,-77.109288
c06bc319-8b23-4b1c-b344-f4d93fdcae29,,bd,False,100,12193,6.836891098749548,2019-08-31,15-39-30,Arlington,2b57c08e-d344-4b82-9781-b5fab1a36fdb,38.882288,-77.109169
3dd0913b-92d6-42ad-8890-e9d686ae1c0e,,bd,False,100,12193,6.835356848961292,2019-08-31,15-39-30,Arlington,2b57c08e-d344-4b82-9781-b5fab1a36fdb,38.882353,-77.109164
b7c5ecc7-222c-4f82-971f-623b2d7d8921,,bd,False,100,12193,6.828566863255384,2019-08-31,15-39-30,Arlington,2b57c08e-d344-4b82-9781-b5fab1a36fdb,38.882616,-77.109132
d2762850-7efc-45c1-ae41-d4bf8aad3a7c,,bd,False,87,10549,6.858741613378508,2019-08-31,15-39-30,Arlington,,38.881127,-77.109142
7dfbb479-548e-4922-9072-252d3dc8ab61,,bd,False,87,10549,6.887874711892093,2019-08-31,15-39-30,Arlington,,38.879876,-77.109203
22e03a0d-e6a2-4325-902e-9d589bec3d14,,bd,False,93,11371,6.884764061263298,2019-08-31,15-39-30,Arlington,,38.87998994443461,-77.10918931297688
e66db7c4-f1d2-4803-972b-2072466a1fa6,,bd,False,69,8357,6.885818575349273,2019-08-31,15-39-30,Arlington,,38.879835,-77.109146
6691a493-fdb7-46e0-9691-11e9d3425439,,bd,False,100,12193,6.876049853776974,2019-08-31,15-39-30,Arlington,,38.880125,-77.109075
bb8e8f99-ef1f-47e0-b54f-567f6f9a0b9e,,bd,False,85,10412,7.043908495709978,2019-08-31,15-39-30,Arlington,,38.874729,-77.109974
4bc088be-f4d1-4724-a99a-8091b2a36da0,,bd,False,97,11782,6.896586203925935,2019-08-31,15-39-30,Arlington,,38.879224,-77.109101
2461db24-ee64-4e92-a0e6-4f053bd31d50,,bd,False,100,12193,6.864047768319806,2019-08-31,15-39-30,Arlington,f5d46c01-4b7b-46bb-b53d-d9fce968218d,38.880083,-77.108824
3ff12f30-fb4f-4d81-aae9-34243e6bd625,,bd,False,98,11919,7.121687874418806,2019-08-31,15-39-30,Arlington,,38.871667,-77.109994
edc3ea62-1ede-4605-93fe-17204560d663,,bd,False,100,12193,6.769235515280181,2019-08-31,15-39-30,Arlington,8406949c-006d-4b38-b29e-dd9632498f97,38.882617,-77.107985
665a6187-ca3f-47ed-a6b1-766ecbd3d006,,bd,False,100,12193,7.009893465692985,2019-08-31,15-39-30,Arlington,,38.874087,-77.108988
704d7146-e164-4152-8f6b-4ca8f69b5b79,,bd,False,100,12193,6.739025800891051,2019-08-31,15-39-30,Arlington,82431d7a-0398-43b8-bba9-1039f8426aef,38.883388,-77.10769
cbc20477-1f33-4ad8-bc4c-c04fcdce3e27,,bd,False,99,12056,6.784971506045873,2019-08-31,15-39-30,Arlington,,38.881247,-77.107757
eeeb40f9-1d1c-45a7-aa48-80c6f24b07df,,bd,False,98,11919,6.929234640185479,2019-08-31,15-39-30,Arlington,,38.87624,-77.10842
ff5b01a9-d9de-434e-9001-e13557ab3fdc,,bd,False,98,11919,6.748717669111844,2019-08-31,15-39-30,Arlington,8406949c-006d-4b38-b29e-dd9632498f97,38.882783,-77.107651
441cfa5f-bf84-4943-8cc2-0b03e5c4e4fc,,bd,False,75,9179,6.781931993472437,2019-08-31,15-39-30,Arlington,,38.880953,-77.10758
8f665971-209a-409c-9c15-de797f9c4f78,,bd,False,97,11782,6.805682957724291,2019-08-31,15-39-30,Arlington,,38.87988,-77.107602
47aca05e-e1ef-4644-a6a9-08a632760328,,bd,False,99,12056,6.778244686113924,2019-08-31,15-39-30,Arlington,,38.880883,-77.10748
2a2e4e8b-631f-4146-afaf-7eb1e2f83cd7,,bd,False,73,8905,6.991913515298919,2019-08-31,15-39-30,Arlington,,38.874051,-77.108613
87bf6d7a-f941-4a6f-9135-66fbcee5c6a4,,bd,False,72,8768,6.765635770173923,2019-08-31,15-39-30,Arlington,,38.880832,-77.107214
947beb28-2ff9-4ea0-a06a-5ef0427e0d1b,,bd,False,97,11782,6.8556917041492325,2019-08-31,15-39-30,Arlington,,38.877589,-77.107588
3540617d-07ba-47f9-8435-e6720b8a4e0a,,bd,False,81,9864,7.0992745477442485,2019-08-31,15-39-30,Arlington,,38.871066,-77.109229
1ca36d2c-4bc0-4f09-95a1-35a27e6d2e3d,,bd,False,100,12193,6.7288324489674745,2019-08-31,15-39-30,Arlington,eed1a147-27c1-4a18-afe2-c54367935d19,38.882011,-77.106969
20803bb1-5bb0-4c0e-9ea5-546f01879ffc,,bd,False,100,12193,6.719141356716629,2019-08-31,15-39-30,Arlington,eed1a147-27c1-4a18-afe2-c54367935d19,38.882103,-77.106817
b76e0bd5-c42b-4a52-94a9-dedcaa0184f2,,bd,False,100,12193,6.698044372880793,2019-08-31,15-39-30,Arlington,52eb23cc-3219-49c6-9a7c-096ce04a6b61,38.882695,-77.106637
adcbcf82-170b-43b2-8410-c3e833d9498b,,bd,False,100,12193,6.762281547951572,2019-08-31,15-39-30,Arlington,1b6a83b3-a02f-42cd-99e9-f3e5869c6ece,38.879954,-77.106786
fce8ca5f-d5e5-453a-ba1f-ce2dadea4d03,,bd,False,100,12193,6.75659258708614,2019-08-31,15-39-30,Arlington,1b6a83b3-a02f-42cd-99e9-f3e5869c6ece,38.880028,-77.106706
4d631cdf-c9cd-41b8-bebb-694dc82e396d,,bd,False,100,12193,6.701292732022777,2019-08-31,15-39-30,Arlington,eed1a147-27c1-4a18-afe2-c54367935d19,38.882252,-77.106529
a2b54d1b-1197-48e9-8c86-527bc132c49d,,bd,False,97,11782,6.6929277589938065,2019-08-31,15-39-30,Arlington,,38.882513,-77.106468
4ecf0c96-1817-4571-9d99-b45c0652187d,,bd,False,87,10549,6.697799320088997,2019-08-31,15-39-30,Arlington,eed1a147-27c1-4a18-afe2-c54367935d19,38.882259,-77.106464
ec8cbd3a-8838-49eb-8092-efa51acd380c,,bd,False,100,12193,6.7650874050890035,2019-08-31,15-39-30,Arlington,1b6a83b3-a02f-42cd-99e9-f3e5869c6ece,38.879496,-77.106647
18f74ee8-3a4a-4b80-839e-301a48da4feb,,bd,False,82,10001,6.789922947321183,2019-08-31,15-39-30,Arlington,,38.878146,-77.106545
4e3e8c2b-a085-477d-a78a-05df8e03a93e,,bd,False,33,3973,6.6704564317097645,2019-08-31,15-39-30,Arlington,,38.882589,-77.106062
f627c06d-e9c9-400e-b0f7-55f4704f275b,,bd,False,100,12193,6.74950553968231,2019-08-31,15-39-30,Arlington,1b6a83b3-a02f-42cd-99e9-f3e5869c6ece,38.879339,-77.106275
344bc2d4-4e99-4980-aebd-c3e7738de107,,bd,False,100,12193,6.696567287827959,2019-08-31,15-39-30,Arlington,,38.881335,-77.106074
7b84a3dc-aee1-4207-80fb-f60ea128e405,,bd,False,96,11645,6.693125534885382,2019-08-31,15-39-30,Arlington,,38.881377,-77.106024
f3965dd1-5019-440a-a834-328eeebed74f,,bd,False,34,4110,6.5565034523096015,2019-08-31,15-39-30,Arlington,,38.894695,-77.107524
29dfc5a9-38e0-473a-93ed-58d0cc5dd78f,,bd,False,98,11919,6.686229648144499,2019-08-31,15-39-30,Arlington,,38.881219,-77.105826
254e9f21-6abc-4345-82b9-7306d94c8f2e,,bd,False,100,12193,6.6831590962046254,2019-08-31,15-39-30,Arlington,91cae83e-163b-4801-999a-34378a143f8e,38.881327,-77.10581
0a1e6b6e-0531-4e7b-96c0-9f23e9521337,,bd,False,100,12193,6.679980101335932,2019-08-31,15-39-30,Arlington,91cae83e-163b-4801-999a-34378a143f8e,38.881292,-77.105734
941a5900-1165-45e6-a9aa-0b78205e7c13,,bd,False,92,11234,6.581819836035769,2019-08-31,15-39-30,Arlington,,38.88587,-77.105547
8888668c-f2fb-4ec8-95ab-8f855e63d12b,,bd,False,100,12193,6.6699029601012505,2019-08-31,15-39-30,Arlington,91cae83e-163b-4801-999a-34378a143f8e,38.881302,-77.105542
e9720b2b-9911-49d2-b65b-930e46323686,,bd,False,100,12193,6.603385962373564,2019-08-31,15-39-30,Arlington,,38.883057,-77.104943
5e06d744-8941-4109-b9b1-78107fa31660,,bd,False,90,10960,6.524959686029004,2019-08-31,15-39-30,Arlington,,38.887435,-77.104977
945a006d-ff4e-4f9d-917d-fb917d9f4dc7,,bd,False,90,10960,6.658182571668646,2019-08-31,15-39-30,Arlington,,38.880378,-77.104932
dfaf7505-d5d4-4561-86e3-9acb3c7839ec,,bd,False,88,10686,6.522860283718353,2019-08-31,15-39-30,Arlington,,38.887479,-77.104951
97b5f169-61fb-42e0-9869-69bd5e0a5848,,bd,False,98,11919,6.5765529762587756,2019-08-31,15-39-30,Arlington,,38.881425,-77.103775
be39cc36-f460-4397-a173-dd7ad3fb8f55,,bd,False,83,10138,6.465467627862752,2019-08-31,15-39-30,Arlington,,38.886976,-77.103688
86aa2512-4da7-4402-afb1-cf5c4a5976e4,,bd,False,87,10549,6.539686352375234,2019-08-31,15-39-30,Arlington,,38.882573,-77.10352
a105587a-773a-4518-b872-b9560703e73f,,bd,False,100,12193,6.634491259211741,2019-08-31,15-39-30,Arlington,,38.878825,-77.103795
368c3bcf-04bf-42dc-9d4f-a07531d0cd86,,bd,False,17,2055,6.513772617524046,2019-08-31,15-39-30,Arlington,bd922a8a-2530-4322-9e62-7deb264546a8,38.88378,-77.103484
723768c2-7343-4dcd-ba7e-4b3e43e88cf6,,bd,False,97,11782,6.511604452772005,2019-08-31,15-39-30,Arlington,bd922a8a-2530-4322-9e62-7deb264546a8,38.883801,-77.10345
698c6da8-28f8-4797-9a4e-8e66f978e31d,,bd,False,34,4110,6.51156737813018,2019-08-31,15-39-30,Arlington,bd922a8a-2530-4322-9e62-7deb264546a8,38.883542,-77.103351
6a0e6766-0aeb-4436-9c83-9ce454ea73ff,,bd,False,27,3288,6.511653692946255,2019-08-31,15-39-30,Arlington,bd922a8a-2530-4322-9e62-7deb264546a8,38.883535,-77.10335
7a89b255-cc35-4eb1-af03-49ccaa173ccd,,bd,False,100,12193,6.511472292920664,2019-08-31,15-39-30,Arlington,,38.883518,-77.10334
d3b9004e-51c4-4739-9a77-306d1607631f,,bd,False,70,8494,6.524087564928836,2019-08-31,15-39-30,Arlington,bc466719-f391-463f-81eb-2848c36d5bcc,38.882801,-77.103307
24b2bfa4-b9c0-4c2b-b39d-2877034921da,,bd,False,93,11371,6.499200046392539,2019-08-31,15-39-30,Arlington,,38.88374,-77.103187
43c650e0-0616-48f9-b048-42d8d58c3afd,,bd,False,98,11919,6.514126126856649,2019-08-31,15-39-30,Arlington,bc466719-f391-463f-81eb-2848c36d5bcc,38.8827,-77.103074
abcd9b22-beb4-4c91-8008-a860e730ed64,,bd,False,76,9316,6.515081023556253,2019-08-31,15-39-30,Arlington,,38.882331,-77.102946
756f6d35-b439-4411-9a9b-5a6e9e7eeae0,,bd,False,94,11508,6.485752661688992,2019-08-31,15-39-30,Arlington,,38.883659,-77.102896
23874b98-25be-4fdf-9f63-9a66b22c52c4,,bd,False,72,8768,6.502161581413348,2019-08-31,15-39-30,Arlington,bc466719-f391-463f-81eb-2848c36d5bcc,38.882858,-77.102904
73561d25-df07-4bf3-9cb6-66e52a502e13,,bd,False,98,11919,6.4677112122953595,2019-08-31,15-39-30,Arlington,,38.884384,-77.10282
a81dbed1-f5d2-41a5-8e36-0e3e01d37a6a,,bd,False,100,12193,6.498594541834258,2019-08-31,15-39-30,Arlington,,38.882828,-77.102823
f1b61b0f-bab3-4e5e-98ac-b1354f4201fe,,bd,False,100,12193,6.476205451632526,2019-08-31,15-39-30,Arlington,94f67744-a56b-419d-9bdb-9aa3e507e533,38.883745,-77.102744
18b0367e-54ac-4e1d-8d5d-0cb1649a7b5d,,bd,False,100,12193,6.472691860584287,2019-08-31,15-39-30,Arlington,,38.883703,-77.10266
e93a65c8-a40d-4d4a-bc32-85598a517c4e,,bd,False,100,12193,6.470738073393695,2019-08-31,15-39-30,Arlington,94f67744-a56b-419d-9bdb-9aa3e507e533,38.883713,-77.102626
3c3f771d-a325-46bb-9250-fb60caa5f349,,bd,False,100,12193,6.467992698279118,2019-08-31,15-39-30,Arlington,94f67744-a56b-419d-9bdb-9aa3e507e533,38.883661,-77.102553
5e4f205d-e647-4da7-a92e-9a36e7ddaf38,,bd,False,96,11645,6.410077981146921,2019-08-31,15-39-30,Arlington,,38.8859,-77.102257
190a18c4-ea46-4d40-a12c-d03bca37299c,,bd,False,89,10823,6.441392165629266,2019-08-31,15-39-30,Arlington,,38.883755,-77.102074
9f80bbeb-17ad-4e0a-b577-a738f4ed4c50,,bd,False,94,11508,6.62618068245909,2019-08-31,15-39-30,Arlington,,38.876572,-77.102584
6a917d41-e06a-4f7d-b130-a052e6c015e6,,bd,False,100,12193,6.4397776998521215,2019-08-31,15-39-30,Arlington,,38.883336,-77.101881
59f69e21-1985-468c-9cd2-1873ba7b8caa,,bd,False,83,10138,6.384299424555416,2019-08-31,15-39-30,Arlington,,38.885863,-77.101748
e48bb369-bec8-462c-99cc-6aa22853b858,,bd,False,98,11919,6.321024918765815,2019-08-31,15-39-30,Arlington,,38.888276,-77.101347
0ad2905a-b989-4335-949f-063a45cecd46,,bd,False,100,12193,6.371467666613047,2019-08-31,15-39-30,Arlington,,38.884522,-77.101012
1c4ad24a-1fd2-4360-87e0-0605b12af985,,bd,False,97,11782,6.390266982755339,2019-08-31,15-39-30,Arlington,,38.883306,-77.100909
bc8ad831-c000-4547-a7b8-baa9e45bdeb5,,bd,False,98,11919,6.337554637738153,2019-08-31,15-39-30,Arlington,,38.886233,-77.100979
3a533993-68f1-4974-89f0-7ff6e688ee41,,bd,False,99,12056,6.388649412807628,2019-08-31,15-39-30,Arlington,,38.882981,-77.100749
14455aa3-82b6-4c0f-985c-03a395a50c4e,,bd,False,93,11371,6.3549463632800585,2019-08-31,15-39-30,Arlington,,38.883687,-77.100373
c56a923a-4a34-4dc2-bc9b-37f4723600bf,,bd,False,96,11645,6.292175415026854,2019-08-31,15-39-30,Arlington,,38.886676,-77.100261
59e39fef-3c1d-400f-8594-8716ca9acbd3,,bd,False,85,10412,6.305967874856731,2019-08-31,15-39-30,Arlington,,38.885081,-77.099955
7a5e5c28-e8dd-4b61-81e9-15dc797f5d71,,bd,False,100,12193,6.371598492057343,2019-08-31,15-39-30,Arlington,,38.881572,-77.099839
b2073017-9f0f-495c-97bd-a45214cd68ca,,bd,False,67,8220,6.286558102931338,2019-08-31,15-39-30,Arlington,,38.885515,-77.09974
846c001d-e05b-4a1f-bf0e-e24815eb2c40,,bd,False,94,11508,6.28914794547806,2019-08-31,15-39-30,Arlington,,38.885008,-77.099603
0e430fad-c1b6-460b-944a-66fbecdb2aa1,,bd,False,91,11097,6.263190759820745,2019-08-31,15-39-30,Arlington,,38.882177,-77.097977
99a9a7f5-f595-4ec1-9e84-9913820257dc,,bd,False,100,12193,6.18644156514864,2019-08-31,15-39-30,Arlington,,38.885896,-77.097948
697e4b63-f2ed-444c-8aa9-8b780b1032ac,,bd,False,61,7398,6.209900170252412,2019-08-31,15-39-30,Arlington,,38.884523,-77.097886
9e14122a-b98b-4213-ac20-59f1c4a6baa1,,bd,False,97,11782,6.259658957189016,2019-08-31,15-39-30,Arlington,,38.882108,-77.097879
b9be7dd6-b54b-4798-8a26-b5728c90ba9c,,bd,False,85,10412,6.2071913896787265,2019-08-31,15-39-30,Arlington,,38.884439058638065,-77.09780107259479
a6945944-2c8b-41aa-9b13-505013985c14,,bd,False,92,11234,6.182699984644822,2019-08-31,15-39-30,Arlington,,38.885619,-77.097774
1bc717d0-3ed2-46da-a6f6-ef6da3f63ee5,,bd,False,97,11782,6.187023129811159,2019-08-31,15-39-30,Arlington,,38.885242,-77.097717
12c50445-1c81-4b65-9949-b52b309e6c51,,bd,False,53,6439,6.166641225704371,2019-08-31,15-39-30,Arlington,,38.885967,-77.097592
15efa031-1f5c-4205-a0c5-d7fd15ab20a9,,bd,False,92,11234,6.166949910442552,2019-08-31,15-39-30,Arlington,,38.885501,-77.097426
d650918c-86c2-48db-9107-3d542c70a932,,bd,False,100,12193,6.156490515578667,2019-08-31,15-39-30,Arlington,,38.885852,-77.097354
76f2c2af-b636-4602-ab1f-77e4c16c3668,,bd,False,93,11371,6.135924726919727,2019-08-31,15-39-30,Arlington,,38.886056,-77.097032
4af9864a-29f7-4212-81c2-50e1e663c28c,,bd,False,67,8220,6.132262745019415,2019-08-31,15-39-30,Arlington,,38.886107,-77.09698
ebbee332-cfc6-415b-a3d1-87a67a90971c,,bd,False,98,11919,6.132585806169053,2019-08-31,15-39-30,Arlington,,38.886079,-77.096976
179b0a8e-1b4a-45cb-8d8c-226250b65b03,,bd,False,100,12193,6.127045130039415,2019-08-31,15-39-30,Arlington,,38.886337,-77.096963
7a58625a-4f50-4570-bebe-c0a9eb2643fc,,bd,False,100,12193,6.128994132691798,2019-08-31,15-39-30,Arlington,,38.88614,-77.096929
1a051d1f-1bf6-4f7c-b2df-c090386ce112,,bd,False,100,12193,6.120699192027052,2019-08-31,15-39-30,Arlington,,38.88614,-77.096769
bab4ef61-add7-4f8d-bb02-51358cf9c337,,bd,False,100,12193,6.096735891704835,2019-08-31,15-39-30,Arlington,,38.886512615754164,-77.09644228227165
79042305-d3b7-4af4-a4aa-94f26fbe1c9d,,bd,False,87,10549,6.09633446052704,2019-08-31,15-39-30,Arlington,,38.886362,-77.09638
51f21f0f-1e3e-4b83-94cb-d8d773fcd542,,bd,False,98,11919,6.180660462180209,2019-08-31,15-39-30,Arlington,,38.881928,-77.096258
0cd398e0-7ba0-4b36-9c8a-f2e2cbc165bb,,bd,False,88,10686,6.088964373824028,2019-08-31,15-39-30,Arlington,,38.88655,-77.096306
e9b84bc0-727c-48e5-9892-94e262a2be0d,,bd,False,96,11645,6.089217146828118,2019-08-31,15-39-30,Arlington,,38.886437,-77.09627
301b0526-1415-4c74-89dc-cdc78a8b66f3,,bd,False,98,11919,6.081220811574563,2019-08-31,15-39-30,Arlington,,38.886523,-77.096147
6078cd4e-2644-44af-8d29-6f6e4a22f503,,bd,False,74,9042,0.36847521990803817,2019-08-31,15-39-25,DC-2,,38.906211,-76.983418
dbd58998-3032-4ba9-8c5b-da6391a10ce0,,bd,False,37,4521,0.39179034776524363,2019-08-31,15-39-25,DC-2,,38.915776,-76.985022
67251a54-dfe3-461c-ad90-6096a4ee8831,,bd,False,69,8357,0.40213042984322944,2019-08-31,15-39-25,DC-2,,38.915915,-76.98495
a2efb3f7-776b-48f0-96b6-42742d10e6aa,,bd,False,60,7261,0.4049036476840435,2019-08-31,15-39-25,DC-2,,38.915968,-76.984985
2894d2a4-13f3-428f-a397-851fe92f4ebd,,bd,False,74,9042,0.45017264349857805,2019-08-31,15-39-25,DC-2,,38.914672,-76.981192
a698c499-9326-4952-9ea6-da010facb963,,bd,False,76,9316,0.48769813393705636,2019-08-31,15-39-25,DC-2,,38.910107,-76.996606
85f6a89e-bf2b-4b6c-9bc9-f2477b833489,,bd,False,69,8357,0.680517412022812,2019-08-31,15-39-25,DC-2,,38.90061,-76.986778
dd9ae6db-e621-4eb0-882d-6cf7138f7e63,,bd,False,81,9864,0.8513707668044901,2019-08-31,15-39-25,DC-2,,38.904186,-77.001174
b0c6bf05-bd33-4799-8d64-0b7926cc49b7,,bd,False,30,3699,0.8565178959236768,2019-08-31,15-39-25,DC-2,,38.900164,-76.996458
e82edd2b-dedb-4bd9-a976-2c080984f784,,bd,False,62,7535,0.8673984479841049,2019-08-31,15-39-25,DC-2,,38.919027,-76.999345
94625297-b22b-4fb6-9c67-15a19af98568,,bd,False,90,10960,0.9082093197025235,2019-08-31,15-39-25,DC-2,,38.897301,-76.988261
0095e9d2-0a8d-4572-8e13-ba88c8d4fb38,,bd,False,60,7261,1.0271649566688799,2019-08-31,15-39-25,DC-2,,38.905539,-77.005557
bc28b217-1eae-4fc2-8841-64ab45cd0834,,bd,False,38,4658,1.2696944379758137,2019-08-31,15-39-25,DC-2,,38.9141,-77.010661
136e954b-7844-47db-8e42-4aa25ee78cd5,,bd,False,53,6439,1.2725258639280448,2019-08-31,15-39-25,DC-2,,38.913984,-77.010744
0b407350-d9ad-43c7-9ad5-e29b74a4df88,,bd,False,61,7398,1.2875023300412145,2019-08-31,15-39-25,DC-2,,38.911825,-77.011393
71ec4c36-adf7-4408-8be5-8d8e6bbb6514,,bd,False,22,2740,1.3297406016420266,2019-08-31,15-39-25,DC-2,,38.893212145230635,-76.99859563268441
7c982085-0c74-4079-a2d8-c781f633ad3e,,bd,False,72,8768,1.3775780861355391,2019-08-31,15-39-25,DC-2,,38.9154648,-77.0123123
602cf471-f4c8-4e7e-b29d-340e4ccc342e,,bd,False,67,8220,1.3775863693184198,2019-08-31,15-39-25,DC-2,,38.915857,-77.012177
026e0193-74bd-451d-b7c2-660a3633ae96,,bd,False,39,4795,1.3998902731630474,2019-08-31,15-39-25,DC-2,,38.896936,-77.006937
ad297aab-cb78-4cd3-ad14-c7e36ff7ee2c,,bd,False,85,10412,1.4724205800031,2019-08-31,15-39-25,DC-2,,38.92002,-77.011994
0aa373b3-4876-4bd0-9c6a-5b1e5c690541,,bd,False,90,10960,1.4827955261342143,2019-08-31,15-39-25,DC-2,,38.920245,-77.012064
0c85135e-1e00-4637-a653-327ae9a457c4,,bd,False,64,7809,1.5491505205178988,2019-08-31,15-39-25,DC-2,,38.909233,-77.016269
11b9cbe6-4301-4159-b4f9-f0ebb3e4c840,,bd,False,38,4658,1.6026630871377765,2019-08-31,15-39-25,DC-2,,38.928276,-76.968485
edf6fe12-6881-4114-b1a7-e654e54858ce,,bd,False,70,8494,1.6323438005414204,2019-08-31,15-39-25,DC-2,,38.905221,-77.017104
8d66085c-8662-4663-8293-80594642a068,,bd,False,76,9316,1.6686365828207241,2019-08-31,15-39-25,DC-2,,38.904317,-77.017514
80475187-aaf8-4e54-a27f-66482024bcb2,,bd,False,49,6028,1.6700155110982906,2019-08-31,15-39-25,DC-2,,38.904433,-77.017579
99f72d12-5734-472c-8f53-fa6850149558,,bd,False,70,8494,1.6780882293284352,2019-08-31,15-39-25,DC-2,,38.904508,-77.017758
68f9acb6-fbdf-43f3-8839-1a458409e9f6,,bd,False,70,8494,1.7351456852194518,2019-08-31,15-39-25,DC-2,,38.890943,-77.007882
2e429bbc-8f9e-4b19-8f35-e8bfb3f4f9f6,,bd,False,53,6439,1.7428308142390532,2019-08-31,15-39-25,DC-2,,38.885412,-76.983296
704b7486-7f29-4735-aae7-0b69f5226ae7,,bd,False,61,7398,1.75060486142632,2019-08-31,15-39-25,DC-2,,38.885303,-76.983251
a6038a52-2072-4f64-acc3-252dfc2a029a,,bd,False,87,10549,1.7735050256885547,2019-08-31,15-39-25,DC-2,,38.901884,-77.01859
6b943567-5238-48b9-b0fb-e2dd4ff3a8c0,,bd,False,54,6576,1.780886207192378,2019-08-31,15-39-25,DC-2,,38.888885,-77.005721
5b3146f8-d311-4640-8aed-f2c45ef5d653,,bd,False,64,7809,1.7832125042811302,2019-08-31,15-39-25,DC-2,,38.888858,-77.005747
aef0a949-8c0a-4b42-8cf0-157bc38f44ff,,bd,False,48,5891,1.801875625756161,2019-08-31,15-39-25,DC-2,,38.886855,-77.001894
35316579-8acb-4447-9fa5-2c02f9aca152,,bd,False,87,10549,1.8119718271681062,2019-08-31,15-39-25,DC-2,,38.88857,-77.006157
c2bb08f5-5e65-4a16-bf21-331330ea53d7,,bd,False,31,3836,1.8259696429953625,2019-08-31,15-39-25,DC-2,,38.910161,-77.021446
a2743c7e-a641-4445-88fe-104369cac930,,bd,False,51,6165,1.8522842388270702,2019-08-31,15-39-25,DC-2,,38.89473947657042,-77.0154315066286
5f043dc7-5b51-4eeb-bf65-e2b84fb554a9,,bd,False,87,10549,1.8687656537800426,2019-08-31,15-39-25,DC-2,,38.905513,-77.021659
713f0cc3-d78c-463a-beaf-18bea3a6c387,,bd,False,76,9316,1.8778618048851214,2019-08-31,15-39-25,DC-2,,38.905523,-77.021833
cd861c6b-84af-4f6c-bcb9-d5da47b13490,,bd,False,70,8494,1.8924543206716489,2019-08-31,15-39-25,DC-2,,38.90505,-77.021992
a23b14c8-a2d0-47d9-a12b-8c453a03debe,,bd,False,83,10138,1.9212905826099467,2019-08-31,15-39-25,DC-2,,38.916517,-77.022364
5b468be2-3b22-4718-8bb5-c48803e25817,,bd,False,76,9316,1.932154088773883,2019-08-31,15-39-25,DC-2,,38.903028,-77.022133
4fd17d0c-d4b3-41df-ae6e-8faf29d13c9d,,bd,False,55,6713,1.9795031207037965,2019-08-31,15-39-25,DC-2,,38.90673078632965,-77.02398518912618
0ea18bdf-7d89-423a-9d94-7dc9d293115b,,bd,False,21,2603,1.9873507181434098,2019-08-31,15-39-25,DC-2,,38.89975545160008,-77.02180222555263
3f81f422-b159-4be3-9622-9764e02024dc,,bd,False,39,4795,1.9885588307743922,2019-08-31,15-39-25,DC-2,,38.9186,-77.022964
fbcc87ab-2ad0-4e8a-8813-af371e94b6b5,,bd,False,66,8083,1.9904747094674258,2019-08-31,15-39-25,DC-2,,38.89991,-77.021943
fa8373ef-5c87-41b0-b7be-ee4b177b5e76,,bd,False,66,8083,1.9930150472001182,2019-08-31,15-39-25,DC-2,,38.918844,-77.022957
c08e71f5-67a6-413c-b85c-060d17be23c0,,bd,False,66,8083,2.0135424164249964,2019-08-31,15-39-25,DC-2,,38.907397,-77.024722
6f5da941-ddff-4d67-b5eb-3f8ac447f86c,,bd,False,81,9864,2.026323623759932,2019-08-31,15-39-25,DC-2,,38.88485,-77.00599
e664be90-a902-44cd-9de5-22b7ff0dab41,,bd,False,76,9316,2.032833097351828,2019-08-31,15-39-25,DC-2,,38.906392,-77.024925
06fb3922-c0f3-492e-a420-66236e02a39e,,bd,False,26,3151,2.0411865048326003,2019-08-31,15-39-25,DC-2,,38.90153,-77.023675
88dcb319-f96d-4da7-a572-0754e6d7041e,,bd,False,24,2877,2.0448588431406107,2019-08-31,15-39-25,DC-2,,38.89966183967657,-77.02290218614581
89ee61e5-13f0-47b7-a7e2-71a7cba0ce0d,,bd,False,56,6850,2.04607499834439,2019-08-31,15-39-25,DC-2,,38.901505,-77.02376
bcb50b51-0b26-4116-b6f1-1c479c2c9a22,,bd,False,79,9590,2.077825491015691,2019-08-31,15-39-25,DC-2,,38.898317,-77.022849
d9e61596-3e34-43aa-91e7-8ce2a41bf120,,bd,False,57,6987,2.07955516366218,2019-08-31,15-39-25,DC-2,,38.900105,-77.023805
1bdfb591-9994-457f-b7f9-8b6e4ab7c482,,bd,False,85,10412,2.0902591501862586,2019-08-31,15-39-25,DC-2,,38.905598,-77.025849
b441c5d6-e484-46d0-b444-7be240daf5a0,,bd,False,31,3836,2.09059893356358,2019-08-31,15-39-25,DC-2,,38.89626656652468,-77.02184075850963
ed1807de-714f-4761-bc5e-3cc8949a871c,,bd,False,45,5480,2.0935101664501343,2019-08-31,15-39-25,DC-2,,38.894347,-77.020485
f478d1dd-0475-443b-892e-dc2ca01988d1,,bd,False,19,2329,2.0985885986028268,2019-08-31,15-39-25,DC-2,,38.9000441965586,-77.02415249717997
df08e2d3-c3e4-4264-8fc3-a4dd6d51a877,,bd,False,38,4658,2.1023290485147452,2019-08-31,15-39-25,DC-2,,38.892869,-77.019422
92901b5d-8d7c-4617-945d-4eec3e733407,,bd,False,34,4110,2.1067735087020876,2019-08-31,15-39-25,DC-2,,38.892773,-77.019436
b500f0af-c4fb-4f2e-add1-a86fbdf98769,,bd,False,100,12193,2.1079038280454507,2019-08-31,15-39-25,DC-2,,38.89555,-77.021707
a2156549-f4c2-4d96-ac3f-a15baed029b1,,bd,False,71,8631,2.108276200439869,2019-08-31,15-39-25,DC-2,,38.924517,-77.022304
8fca8b1a-8475-4ce0-b31e-7125967f23ec,,bd,False,28,3425,2.120650572571169,2019-08-31,15-39-25,DC-2,,38.90324934869867,-77.02581753442439
51ecaed8-199d-46ab-9c04-30ad67b07c53,,bd,False,34,4110,2.1260929909836586,2019-08-31,15-39-25,DC-2,,38.89279321771012,-77.0198927075388
37cb8201-2dd8-4b23-af2d-9e3536e81eae,,bd,False,51,6165,2.1267228446313635,2019-08-31,15-39-25,DC-2,,38.886404,-77.012251
5b7b8498-cd4d-4729-acd7-8a48c3fb225b,,bd,False,87,10549,2.140441034398012,2019-08-31,15-39-25,DC-2,,38.906624,-77.026978
21ce4073-7201-4941-9b15-5cd9c20a4e11,,bd,False,42,5069,2.140021076536064,2019-08-31,15-39-25,DC-2,,38.894648,-77.02173
223e9332-c8b6-4f13-94cb-2c9499c47ad3,,bd,False,80,9727,2.1481203282330505,2019-08-31,15-39-25,DC-2,,38.915183,-77.026965
edcb90ee-6def-479d-85c8-21ddee811c00,,bd,False,67,8220,2.1517896597828274,2019-08-31,15-39-25,DC-2,,38.90094,-77.025588
ee89e686-b377-43a4-a85b-f56e3f0932db,,bd,False,70,8494,2.1611295805179216,2019-08-31,15-39-25,DC-2,,38.894992,-77.022438
141c3dc9-fb0a-4dff-ad13-35d0276b3b5e,,bd,False,25,3014,2.1784226622657274,2019-08-31,15-39-25,DC-2,,38.892327,-77.02066
4c6815f3-db1b-4ccd-bd5a-7e5fdd1afcf1,,bd,False,93,11371,2.2053342781854472,2019-08-31,15-39-25,DC-2,,38.914341,-77.028185
3ffead8a-cace-45c1-a313-8f0235f48f4a,,bd,False,42,5069,2.2169169019573416,2019-08-31,15-39-25,DC-2,,38.90088,-77.026831
4bdf5257-7850-4199-8a9f-697b31184ea9,,bd,False,34,4110,2.217053387487699,2019-08-31,15-39-25,DC-2,,38.89313106931539,-77.02221226404134
18ca0954-b66c-4881-832e-bd631383b16c,,bd,False,52,6302,2.2210553400313904,2019-08-31,15-39-25,DC-2,,38.900899,-77.026919
2111b709-e9cb-45cb-9e22-ef7e49f6f279,,bd,False,48,5891,2.2510955889496804,2019-08-31,15-39-25,DC-2,,38.909399,-77.029314
e246ffb4-2378-4c37-ae91-522770abc961,,bd,False,46,5617,2.250935601993029,2019-08-31,15-39-25,DC-2,,38.892238461448706,-77.0222141594412
e08ef955-205f-48eb-b81e-af12d8504331,,bd,False,65,7946,2.2616228196086925,2019-08-31,15-39-25,DC-2,,38.892076,-77.022313
6289d9d2-289e-4eae-95b8-4a5d52e5f950,,bd,False,34,4110,2.2619823258193743,2019-08-31,15-39-25,DC-2,,38.88764668725327,-77.01771643019934
f8f2f4bb-143d-4cc0-82f8-101cb848c58e,,bd,False,51,6165,2.2663381300286716,2019-08-31,15-39-25,DC-2,,38.89188239820198,-77.02225003398678
8aca86c2-02a9-483a-9f8d-2698cfb58205,,bd,False,62,7535,2.2827011854933086,2019-08-31,15-39-25,DC-2,,38.916666,-77.029172
456ecec7-863d-4f29-9346-98a84bdbce59,,bd,False,84,10275,2.29134968780021,2019-08-31,15-39-25,DC-2,,38.914462,-77.029774
42475874-4989-45fa-bbf9-6a6e6a9999a9,,bd,False,84,10275,2.2945805275869784,2019-08-31,15-39-25,DC-2,,38.907324,-77.029953
42c68e90-26d4-414a-ae55-82b45fd8b5fc,,bd,False,30,3699,2.2946664616867123,2019-08-31,15-39-25,DC-2,,38.930086,-77.021946
de745a9c-bf18-4d9a-af12-7d89ff9bcea2,,bd,False,92,11234,2.31571554205546,2019-08-31,15-39-25,DC-2,,38.894215,-76.949968
c56ec343-ea61-4b07-ad15-f5335823b1fc,,bd,False,100,12193,2.3199872656520966,2019-08-31,15-39-25,DC-2,7ca07fd7-5209-4901-b74c-2d0e5b7b47f7,38.895609,-76.948947
f0eb8119-0b26-4f26-a1c0-6ce42e140b69,,bd,False,91,11097,2.3203249118891223,2019-08-31,15-39-25,DC-2,,38.896573,-76.948357
76e65fbe-6b38-4e69-a4d9-3b87d725e572,,bd,False,46,5617,2.320291950076091,2019-08-31,15-39-25,DC-2,,38.892217,-77.023737
ae027b6d-8451-4f4f-a67f-dbe3d451dfbd,,bd,False,100,12193,2.327955500866178,2019-08-31,15-39-25,DC-2,7ca07fd7-5209-4901-b74c-2d0e5b7b47f7,38.895557,-76.948815
77c34f5a-3c46-4bff-ab89-e189d4b5939f,,bd,False,98,11919,2.329458576555504,2019-08-31,15-39-25,DC-2,b02887ba-46cf-40f9-8167-e3a80e7d7708,38.894728,-76.949324
60f07594-f25a-44ea-bc98-367aded8e6b7,,bd,False,99,12056,2.331348632168923,2019-08-31,15-39-25,DC-2,,38.896661,-76.948082
ebc5973a-c2a5-47db-bc4a-aafba2c1b1cd,,esx,False,91,13527,2.3324770247063307,2019-08-31,15-39-25,DC-2,7ca07fd7-5209-4901-b74c-2d0e5b7b47f7,38.895149999999994,-76.94898166666667
98f03035-8be1-4fad-9a96-206daa980c08,,bd,False,88,10686,2.3432299710205178,2019-08-31,15-39-25,DC-2,,38.894946,-76.948891
b500cf86-f540-4247-a564-895f68e41b2a,,bd,False,100,12193,2.343976680128025,2019-08-31,15-39-25,DC-2,b02887ba-46cf-40f9-8167-e3a80e7d7708,38.894936,-76.948882
f647e15e-02b9-4ce7-9fb9-e85a07a88e80,,bd,False,100,12193,2.345945654465425,2019-08-31,15-39-25,DC-2,,38.89486,-76.948891
1f9f998c-c68b-44c3-bdc0-844e385f81bb,,bd,False,83,10138,2.3469574632087515,2019-08-31,15-39-25,DC-2,,38.894878,-76.948858
de4004e7-cbc1-4539-b8f3-7623211c7866,,bd,False,79,9590,2.3477513467837596,2019-08-31,15-39-25,DC-2,,38.894906,-76.948823
9d88be0a-e156-40f0-a7eb-2144c567a649,,bd,False,100,12193,2.3482867344145015,2019-08-31,15-39-25,DC-2,b02887ba-46cf-40f9-8167-e3a80e7d7708,38.894839,-76.948856
c13d649b-89c3-4058-a0d7-5283e98732e9,,bd,False,100,12193,2.348942302620979,2019-08-31,15-39-25,DC-2,,38.894888,-76.94881
bfc43cdc-9304-4bc9-acb8-63da7f5d5b44,,bd,False,64,7809,2.3508817434039364,2019-08-31,15-39-25,DC-2,,38.894863,-76.948786
83bfe292-54d8-45d3-8dd1-0eeeab0c5a8f,,bd,False,63,7672,2.3510649410586453,2019-08-31,15-39-25,DC-2,,38.89497,-76.948712
d53086e4-6d42-44cf-a5dd-019d7c5aea3b,,bd,False,82,10001,2.352697295389837,2019-08-31,15-39-25,DC-2,,38.894886,-76.948733
0fc5c236-d34b-43eb-964c-15f3fbd02a26,,bd,False,62,7535,2.353591628687505,2019-08-31,15-39-25,DC-2,,38.894847,-76.94874
eb7c2757-aaa5-4553-bf63-3ecb93c8a26f,,bd,False,91,11097,2.3538906186188897,2019-08-31,15-39-25,DC-2,,38.894874,-76.948716
c4689691-6c7c-4d85-ba3b-eb1223d6717e,,bd,False,84,10275,2.3560363797199835,2019-08-31,15-39-25,DC-2,,38.894847,-76.948689
f874eb5c-bcda-423a-945c-f374ccb51688,,bd,False,100,12193,2.360878683065474,2019-08-31,15-39-25,DC-2,,38.895332,-76.948276
6373258e-a81f-487b-abaa-a0c295f0f5f4,,bd,False,97,11782,2.366576070157092,2019-08-31,15-39-25,DC-2,,38.920609,-77.029515
b4a53128-4381-4a60-9e6c-678b528bbae7,,bd,False,31,3836,2.3756722945057387,2019-08-31,15-39-25,DC-2,,38.878956,-77.005384
178a1d08-e28a-4fbd-946b-0bff112eed09,,bd,False,43,5206,2.390929599945635,2019-08-31,15-39-25,DC-2,,38.88763780243591,-77.02095595195611
004586bc-b3ae-47a9-b761-c8dfa85fdc07,,bd,False,66,8083,2.3952267032384325,2019-08-31,15-39-25,DC-2,,38.89968,-77.029813
a72a7945-4eb8-4815-b26e-0b7e88f43b49,,bd,False,18,2192,2.4056113939696107,2019-08-31,15-39-25,DC-2,,38.894384,-77.027176
47fbce99-7a8c-49e7-b681-7c9ded8cf8ac,,bd,False,31,3836,2.4086937676765587,2019-08-31,15-39-25,DC-2,,38.890329,-77.024084
46c3ccb5-1b0f-40f9-ae4a-52c3845d6040,,bd,False,24,2877,2.408672973857413,2019-08-31,15-39-25,DC-2,,38.886841,-77.020484
99b30f17-8cc4-463b-af64-6e86bc4de858,,bd,False,71,8631,2.4185903908777964,2019-08-31,15-39-25,DC-2,,38.915412,-77.031995
df4f3285-6fbd-4ad8-89cd-2d175ed06184,,bd,False,51,6165,2.414639532828781,2019-08-31,15-39-25,DC-2,,38.886771,-77.020552
ebc549f2-d822-47f2-964b-be0591f827aa,,bd,False,74,9042,2.433011884969508,2019-08-31,15-39-25,DC-2,,38.884519,-76.956981
f5894d5f-96a2-401b-b195-24bb6c980b6d,,bd,False,93,11371,2.4449810602965485,2019-08-31,15-39-25,DC-2,,38.9248,-77.029057
09924bf7-8afe-4b84-b2d1-da6c66dcade4,,bd,False,67,8220,2.44791126318904,2019-08-31,15-39-25,DC-2,,38.9055192517479,-77.03254485510013
129e3803-8af5-44d8-8764-2fda4c2230cb,,bd,False,30,3699,2.457398054562987,2019-08-31,15-39-25,DC-2,,38.91680971615047,-77.03243502691743
68d9a1db-60bf-41be-8483-0c11db2c3bec,,bd,False,39,4795,2.459939481132024,2019-08-31,15-39-25,DC-2,,38.919349,-77.031772
10b63c52-f3e5-40f2-8217-7bae423730b8,,bd,False,75,9179,2.4607154138629763,2019-08-31,15-39-25,DC-2,,38.90563383236425,-77.03280502937457
daedea64-9b84-483f-af32-6df804975e34,,bd,False,79,9590,2.459861623191841,2019-08-31,15-39-25,DC-2,,38.897436792067154,-77.03005534603915
7137d630-b7d8-4650-b2c9-896e387fe91f,,bd,False,27,3288,2.46217855499387,2019-08-31,15-39-25,DC-2,,38.904281,-77.032562
87c00e5c-051c-4727-9f79-26cf19585b4e,,bd,False,66,8083,2.465529389452338,2019-08-31,15-39-25,DC-2,,38.909719,-77.033305
e538c56f-1e7d-46a4-94d0-64ef26b0e4ab,,bd,False,84,10275,2.4771494191302845,2019-08-31,15-39-25,DC-2,,38.920278,-77.031781
032e3748-7d3c-41fc-975b-c548d7a63c29,,bd,False,83,10138,2.4954200288773607,2019-08-31,15-39-25,DC-2,,38.906242,-77.033553
56920c7c-26cf-4b9d-a7c7-6d1f68dcedd8,,bd,False,74,9042,2.4998231622336147,2019-08-31,15-39-25,DC-2,,38.878801,-77.010144
a14a4e02-fa6b-4070-b346-17c31e56f7cf,,bd,False,36,4384,2.5090168058370512,2019-08-31,15-39-25,DC-2,,38.892212,-77.027837
4afde66f-2450-4744-b783-4c8e5ca43eb4,,bd,False,64,7809,2.5185948789371535,2019-08-31,15-39-25,DC-2,,38.924746,-77.030576
63d7c8bd-52d5-45f4-9318-e1fdf899f0df,,bd,False,57,6987,2.520444004551119,2019-08-31,15-39-25,DC-2,,38.8863944,-77.022756
bc1d78b1-14e4-4b0d-bac2-4b0797cde88e,,bd,False,37,4521,2.523302016233203,2019-08-31,15-39-25,DC-2,,38.893736,-77.029205
b6682158-e0ee-4ea0-b47c-8f6b235a7ea8,,bd,False,26,3151,2.530098517622887,2019-08-31,15-39-25,DC-2,,38.893859,-77.029427
50d41b7d-0804-4e94-b83e-daeaf2eb3674,,bd,False,35,4247,2.5344180558088736,2019-08-31,15-39-25,DC-2,,38.914235,-77.034345
51583138-16d9-46b7-b103-0cba2861d346,,bd,False,66,8083,2.5394062820653205,2019-08-31,15-39-25,DC-2,,38.905442,-77.034245
b7cad661-6f03-47ad-bfab-c5b32fcd000f,,bd,False,66,8083,2.534618753355302,2019-08-31,15-39-25,DC-2,,38.87718,-77.007508
70ce9afa-4400-42b9-a3e4-78f9286b4e60,,bd,False,74,9042,2.553009865822263,2019-08-31,15-39-25,DC-2,,38.889929,-77.026979
039d123f-f9eb-42e4-b143-12bcc4ec45cf,,bd,False,88,10686,2.5509629849712887,2019-08-31,15-39-25,DC-2,,38.940067,-77.015928
cee97e21-8fa1-4881-b2ac-fed661dfcfab,,bd,False,62,7535,2.5675736022950324,2019-08-31,15-39-25,DC-2,,38.9216343,-77.0330128
9a332e2e-2ebb-40bf-b3dc-17a2a09ddb2d,,bd,False,80,9727,2.577081149176793,2019-08-31,15-39-25,DC-2,,38.920574,-77.033601
a229f227-6594-4f71-bb4c-1d96a71eb623,,bd,False,80,9727,2.576495231197123,2019-08-31,15-39-25,DC-2,,38.933511,-77.025186
2fdefb63-3035-4fc1-a266-66b281c56e51,,bd,False,81,9864,2.59198082533251,2019-08-31,15-39-25,DC-2,,38.920425,-77.033941
f5af9a54-0e60-40b0-a6e3-5c6af492dd58,,bd,False,53,6439,2.593568542192115,2019-08-31,15-39-25,DC-2,,38.892234,-77.029656
78e017ec-b84f-4a59-94de-8ad8f60085fe,,bd,False,64,7809,2.5958766192260367,2019-08-31,15-39-25,DC-2,,38.898884,-77.033396
45d54fce-43bd-4bfe-953c-909841354e4b,,bd,False,62,7535,2.601910266902088,2019-08-31,15-39-25,DC-2,,38.900813,-77.034238
b9fc3a59-79ce-4a2f-82fe-67d75dad22a7,,bd,False,91,11097,2.607992757135252,2019-08-31,15-39-25,DC-2,,38.925743,-77.031831
2412f7e9-da4c-4b52-8f7d-0710e0b656e8,,bd,False,25,3014,2.62560317831664,2019-08-31,15-39-25,DC-2,,38.901371,-77.034874
99f58064-df72-4ecb-8d8a-5f596a4dd0bd,,bd,False,73,8905,2.6402637494366736,2019-08-31,15-39-25,DC-2,,38.881279,-77.019269
1ceb6286-36e3-4c64-b0b7-76f62a0e3f63,,bd,False,22,2740,2.655779780149942,2019-08-31,15-39-25,DC-2,,38.935427,-77.025081
57986cce-8b6a-44b4-9d24-885165e4b5e7,,bd,False,62,7535,2.6595419125577386,2019-08-31,15-39-25,DC-2,,38.896275,-77.033451
2f6298e7-1c00-413c-a1cc-e98fdefc68c9,,bd,False,92,11234,2.6592197115974843,2019-08-31,15-39-25,DC-2,,38.873907,-76.971881
2b7692fa-40f1-4c77-8fcc-d1acfebad79e,,bd,False,54,6576,2.6709035025729793,2019-08-31,15-39-25,DC-2,,38.915934,-77.036629
70607c82-0e64-4d67-85d0-60ee12430070,,bd,False,83,10138,2.669096036154036,2019-08-31,15-39-25,DC-2,,38.883516,-76.952026
3b041509-d515-4f93-9e40-73dcbe37b831,,bd,False,19,2329,2.674515494861463,2019-08-31,15-39-25,DC-2,,38.902519,-77.036139
d99bf59f-a093-45af-9b95-618b6901374e,,bd,False,46,5617,2.671502362905342,2019-08-31,15-39-25,DC-2,,38.874377,-77.005582
cf2fe561-1983-41aa-8db8-a90140c6c994,,bd,False,36,4384,2.6823008284242498,2019-08-31,15-39-25,DC-2,,38.902577,-77.036302
6334fdbd-c91c-496d-a756-bba2efb1e689,,bd,False,34,4110,2.685703632758464,2019-08-31,15-39-25,DC-2,,38.9023476,-77.0363048
85e2df90-dd5f-43fa-a7b6-a71e63e4f02d,,bd,False,69,8357,2.688020496021664,2019-08-31,15-39-25,DC-2,,38.887462117745436,-77.02782819054744
8bf2fde1-b74a-4469-a433-828db7693181,,bd,False,62,7535,2.704606772360094,2019-08-31,15-39-25,DC-2,,38.91561462547529,-77.03731650493764
733f79a8-b3c5-4849-9c54-b3c4857d5efc,,bd,False,65,7946,2.7071948551574336,2019-08-31,15-39-25,DC-2,,38.906977,-77.0376
fe8c4ad3-7775-4abb-a75f-dfce0f22c55f,,bd,False,31,3836,2.7150409454232833,2019-08-31,15-39-25,DC-2,,38.905676,-77.03757
c837ff75-74e5-4c17-9ddf-936b880dd8d9,,bd,False,63,7672,2.71210776764529,2019-08-31,15-39-25,DC-2,,38.887577,-77.028486
99e7bd3b-374f-4fcd-a59c-6a49e923c66a,,bd,False,70,8494,2.7234384258030935,2019-08-31,15-39-25,DC-2,,38.928654,-77.032418
0d3c249f-9562-4465-8e07-7664fdc633d8,,bd,False,76,9316,2.7273773129950363,2019-08-31,15-39-25,DC-2,,38.891879,-77.032234
9a4d32a0-0b8c-4b4b-a6bc-83efc630e4d8,,bd,False,63,7672,2.729163602935559,2019-08-31,15-39-25,DC-2,,38.928234,-77.032812
0cea211b-3c4d-446d-b7d0-ff7489488e24,,bd,False,93,11371,2.733340474340667,2019-08-31,15-39-25,DC-2,,38.898774,-76.93911
0c50341c-8412-4884-9d2e-042a127f40f3,,bd,False,83,10138,2.7376482640213733,2019-08-31,15-39-25,DC-2,,38.928746,-77.032654
2ddcc4ef-22f6-4581-b88a-d2454e700f2e,,bd,False,62,7535,2.7434374772274754,2019-08-31,15-39-25,DC-2,,38.929275,-77.032418
34dc14a0-ddb5-4723-a176-8dbbd5d982a5,,bd,False,87,10549,2.7502753548445615,2019-08-31,15-39-25,DC-2,,38.908697,-77.038548
45c79a2b-718f-48fd-8e64-2604092f9b1f,,bd,False,35,4247,2.74591400984863,2019-08-31,15-39-25,DC-2,,38.884223,-77.025882
51cd79d8-5096-431b-986d-043165eea77f,,bd,False,35,4247,2.7516818691529843,2019-08-31,15-39-25,DC-2,,38.906082,-77.038315
78035b31-53c9-4cd4-bab2-6412b0181098,,bd,False,51,6165,2.7583119573939454,2019-08-31,15-39-25,DC-2,,38.906272,-77.038465
5408da48-e2d3-44c7-9c13-887ff9d14373,,bd,False,37,4521,2.761148041874665,2019-08-31,15-39-25,DC-2,,38.892408,-77.033291
706c7ee9-17d6-45ea-93b5-01466e67fb6b,,bd,False,52,6302,2.7662853072628995,2019-08-31,15-39-25,DC-2,,38.89231,-77.0333343
717e91b6-d25d-43dc-a775-7ecbdd4ff1a3,,bd,False,17,2055,2.7696627549525514,2019-08-31,15-39-25,DC-2,,38.90111535418054,-77.03754481918865
016e6d6d-2b51-45b0-9917-8c6c296fe818,,bd,False,100,12193,2.7663137899756847,2019-08-31,15-39-25,DC-2,413a7ccd-913e-4931-934e-c9a577b1b218,38.938438,-77.024343
672f1de6-720c-4754-9870-9854208ad980,,bd,False,24,2877,2.77225047974153,2019-08-31,15-39-25,DC-2,,38.907202,-77.038836
8c46847a-1f76-45e1-a667-0d2f7a5307a0,,bd,False,100,12193,2.767767167372347,2019-08-31,15-39-25,DC-2,413a7ccd-913e-4931-934e-c9a577b1b218,38.938473,-77.024337
50d9c2f0-19ec-4cb8-b157-866eecc27541,,bd,False,71,8631,2.7713921398015016,2019-08-31,15-39-25,DC-2,,38.930742,-77.03196
b6e8efc8-e5da-43b5-a2d4-5e8eb11b2aaa,,bd,False,42,5069,2.7717572427231745,2019-08-31,15-39-25,DC-2,,38.88740352824227,-77.02968461446187
4c672cb5-b04d-4844-9986-e34a9bf61d9c,,bd,False,85,10412,2.7705567316617277,2019-08-31,15-39-25,DC-2,,38.938272,-77.024658
c1f627b8-0c85-4799-bfcd-f42a535c8d26,,bd,False,100,12193,2.771655918444708,2019-08-31,15-39-25,DC-2,413a7ccd-913e-4931-934e-c9a577b1b218,38.938435,-77.024485
ffce08dd-75a4-4651-b3ee-efaa0ac6786b,,bd,False,92,11234,2.7735918978742937,2019-08-31,15-39-25,DC-2,,38.938372,-77.024613
9462eb2b-f913-43f7-b298-85361f960c46,,bd,False,90,10960,2.7772764317337613,2019-08-31,15-39-25,DC-2,,38.938486,-77.024567
ce65418e-a739-4df8-91ca-238cc350326f,,bd,False,100,12193,2.777401612132646,2019-08-31,15-39-25,DC-2,,38.938462,-77.0246
07389fab-8239-4ffd-8f44-72a57175d8dc,,bd,False,88,10686,2.780782256605129,2019-08-31,15-39-25,DC-2,,38.938567,-77.024557
d5196e41-598a-4f2e-9114-12798108a8d2,,bd,False,88,10686,2.7821524443487595,2019-08-31,15-39-25,DC-2,,38.938511,-77.024662
785cecce-11b9-4cac-959a-8fa85ae31f29,,bd,False,97,11782,2.783104598104067,2019-08-31,15-39-25,DC-2,,38.938437,-77.024778
7bc21493-aaf8-427d-a4f5-b15d7ded90fc,,bd,False,52,6302,2.7909411455762654,2019-08-31,15-39-25,DC-2,,38.901517,-77.03807
5ba642cb-a0b2-4eed-b43c-413eca849d1d,,bd,False,83,10138,2.7865075438059144,2019-08-31,15-39-25,DC-2,,38.938584,-77.024684
19879724-569d-492a-9bac-bea28737ffb0,,bd,False,80,9727,2.7913447110454515,2019-08-31,15-39-25,DC-2,,38.89567,-76.939362
5a4607e5-7f02-4baa-9559-1864f95fbdd9,,bd,False,45,5480,2.7931514478763266,2019-08-31,15-39-25,DC-2,,38.898917863306124,-77.03724126780442
e39a1ac4-f5b4-46f1-88a6-313ab207f8c7,,bd,False,97,11782,2.78864693086225,2019-08-31,15-39-25,DC-2,,38.938606,-77.024712
46c42fcd-c8e6-4af4-93bb-e361812626c4,,bd,False,93,11371,2.7891912218205857,2019-08-31,15-39-25,DC-2,,38.938598,-77.024736
b2008100-7a5e-4a3c-b0e7-8292f154118f,,bd,False,80,9727,2.802567763321245,2019-08-31,15-39-25,DC-2,,38.936892,-77.027062
495e03c9-cdae-4670-8e35-367f12d0d535,,bd,False,65,7946,2.808356836156495,2019-08-31,15-39-25,DC-2,,38.912453,-77.039614
606d61d9-5577-45e9-8367-4f6ac9d4cae0,,bd,False,69,8357,2.8095596869494868,2019-08-31,15-39-25,DC-2,,38.93817484964474,-77.02577094950817
a8e8b931-78bf-4642-95df-ee179ca5a534,,bd,False,40,4932,2.815593892801556,2019-08-31,15-39-25,DC-2,,38.928691,-77.034313
3a28ac4c-0dea-4830-9652-e603ab750f57,,bd,False,82,10001,2.8135632643273154,2019-08-31,15-39-25,DC-2,,38.938847,-77.025057
21044d1b-a29b-4298-a5b2-2275542b7c11,,bd,False,85,10412,2.8087502989043336,2019-08-31,15-39-25,DC-2,,38.870296,-76.978972
86987b20-9b67-4d8d-8afb-4f4392092027,,bd,False,66,8083,2.822417382024995,2019-08-31,15-39-25,DC-2,,38.92149411145497,-77.03799912713193
70114f0f-2e6c-499e-964a-edc03854b0a4,,bd,False,73,8905,2.81799639799814,2019-08-31,15-39-25,DC-2,,38.941443,-77.021648
854f51b3-91d5-4fff-beac-c7e3e9bfc334,,bd,False,62,7535,2.8251408058230303,2019-08-31,15-39-25,DC-2,,38.902453,-77.038974
2129ef1f-8463-49ba-b6ec-fd837b0b69d4,,bd,False,65,7946,2.8267481328273956,2019-08-31,15-39-25,DC-2,,38.876316,-77.016571
2319eab9-2ff6-4668-a85d-9e1a20fd6dab,,bd,False,97,11782,2.8518665222907185,2019-08-31,15-39-25,DC-2,3d339b4f-4ef5-49ea-8348-66e12ced3903,38.903618,-77.039752
9d4088c0-ab94-4ad3-b4cd-b59e29b3bb6e,,bd,False,76,9316,2.862934715838924,2019-08-31,15-39-25,DC-2,,38.914762227832256,-77.04040355987571
a39f9c3e-ad60-48ee-b0dc-046e23162636,,bd,False,53,6439,2.862353218138928,2019-08-31,15-39-25,DC-2,,38.871574,-77.006112
32e33355-de4d-44d9-b1cb-2d9947e9a247,,bd,False,58,7124,2.885821663752755,2019-08-31,15-39-25,DC-2,,38.878877,-77.022681
f7c91831-45ad-45dd-ada3-9bfc90c0181b,,bd,False,85,10412,2.8893905545986023,2019-08-31,15-39-25,DC-2,,38.937531,-77.028482
43a40744-f39b-497e-a9d2-8f2b792829a2,,bd,False,56,6850,2.9016652236534894,2019-08-31,15-39-25,DC-2,,38.905361,-77.041009
5b732e3f-5686-4c1b-aa49-4b530d1fa741,,bd,False,83,10138,2.9024884120648267,2019-08-31,15-39-25,DC-2,,38.879614,-77.024194
82b4c8b1-6490-4f4c-aa7c-529c0f34b4f6,,bd,False,76,9316,2.9146993586974013,2019-08-31,15-39-25,DC-2,,38.90026625441675,-77.04004926575246
4234e937-cfd0-44b8-b436-8e2e5115cabd,,bd,False,44,5343,2.9154297980810604,2019-08-31,15-39-25,DC-2,,38.930832473101106,-77.03496741922466
d64273d0-3ddb-400a-a45d-6f1e59d5f78d,,bd,False,91,11097,2.9183388786794553,2019-08-31,15-39-25,DC-2,,38.899007,-77.039692
dd248b23-9d6d-465b-8999-656ec3b72e9a,,bd,False,73,8905,2.907978250553058,2019-08-31,15-39-25,DC-2,,38.868687,-76.980271
bc9180cd-91f4-44a1-a54f-6afc98cd85dc,,bd,False,61,7398,2.917614992545415,2019-08-31,15-39-25,DC-2,,38.886201,-77.03191
ee8b5664-a465-4db9-a44a-9de7840e1a5e,,bd,False,46,5617,2.9249171100157803,2019-08-31,15-39-25,DC-2,,38.9067124994834,-77.04162538990103
f6b9294f-0976-462e-9c52-b8f8fbb90b8d,,bd,False,42,5069,2.934634622988891,2019-08-31,15-39-25,DC-2,,38.898968,-77.039992
8004b11e-1070-4053-bd0b-b74218618afd,,bd,False,71,8631,2.932772189887367,2019-08-31,15-39-25,DC-2,,38.881521,-77.02743
5f8278a4-b41a-4dfe-a7b9-4791017af74d,,bd,False,71,8631,2.9385281008113644,2019-08-31,15-39-25,DC-2,,38.921711,-77.040158
5eaf89b2-3595-4cb1-b337-51dd3ff1710e,,bd,False,66,8083,2.9456092859810865,2019-08-31,15-39-25,DC-2,,38.922299,-77.040083
cc752cc7-898c-4f64-9f48-b93f2c2a438c,,bd,False,66,8083,2.9537842988874186,2019-08-31,15-39-25,DC-2,,38.922431,-77.040192
f2f6640c-60d7-4c4c-a227-a6c9b539b3d4,,bd,False,43,5206,2.9488053003739534,2019-08-31,15-39-25,DC-2,,38.870468,-77.006905
3068a7d8-e55b-4172-b254-8fd1392ec28b,,bd,False,30,3699,2.97592748024806,2019-08-31,15-39-25,DC-2,,38.892312,-77.037658
4f4f5134-ae76-4b51-ae85-74e8403f9097,,bd,False,47,5754,2.977459699193281,2019-08-31,15-39-25,DC-2,,38.892266,-77.037662
06b3cfbd-a7bf-4554-88eb-1fe373a1470e,,bd,False,36,4384,2.975737081422276,2019-08-31,15-39-25,DC-2,ba4beb92-6a3c-4183-9f9b-245361965dfa,38.867319,-76.988074
7fb55a0b-08c5-4306-b3eb-589392d791ce,,bd,False,100,12193,2.9815564997209427,2019-08-31,15-39-25,DC-2,ba4beb92-6a3c-4183-9f9b-245361965dfa,38.867234,-76.987976
b567ec3d-3745-448c-bfd0-e5557f0b37b0,,bd,False,87,10549,2.9942135807907952,2019-08-31,15-39-25,DC-2,,38.910285,-77.043124
3a673006-1d92-4187-a5e3-8ac3dd60f458,,bd,False,83,10138,2.9853422466238975,2019-08-31,15-39-25,DC-2,ba4beb92-6a3c-4183-9f9b-245361965dfa,38.86718,-76.988108
9faa160b-9b62-4a21-a678-69ec981e8668,,bd,False,100,12193,2.985769016568396,2019-08-31,15-39-25,DC-2,ba4beb92-6a3c-4183-9f9b-245361965dfa,38.867173,-76.987988
f5daddfb-6347-41a0-bee5-fa99de48c99a,,bd,False,34,4110,3.001448632298352,2019-08-31,15-39-25,DC-2,,38.920462,-77.04177
1fdcd074-06fa-4bb3-a235-6d4b0bed7a3f,,bd,False,25,3014,3.005192882714079,2019-08-31,15-39-25,DC-2,,38.900046,-77.041709
a74aede7-4f51-4e6a-864c-416501c275d7,,bd,False,97,11782,3.010502798408188,2019-08-31,15-39-25,DC-2,,38.906971,-77.043247
f93d7c14-7e52-4806-83eb-790e8b07df3c,,bd,False,76,9316,3.008584661904235,2019-08-31,15-39-25,DC-2,,38.939805,-77.02887
5a05c1ba-e8e6-43c7-b832-8a997506001e,,bd,False,40,4932,3.0061608014861974,2019-08-31,15-39-25,DC-2,,38.87266,-77.015328
70d6d94e-ee8c-4930-abf6-a146c5c0d153,,bd,False,100,12193,3.0209407223565456,2019-08-31,15-39-25,DC-2,b6acfcf4-b48f-4cf0-a4c3-34569838aea5,38.890508,-76.937675
8026b0a7-3624-4ab8-b86c-26b570069b3a,,bd,False,93,11371,3.024202917937617,2019-08-31,15-39-25,DC-2,b6acfcf4-b48f-4cf0-a4c3-34569838aea5,38.890409,-76.937672
521cc7f5-042d-405a-9b27-e894e4229a6e,,bd,False,94,11508,3.0177715504601466,2019-08-31,15-39-25,DC-2,,38.866733,-76.985669
05fb45cc-f6bf-49e0-bcdc-578fbe35cb76,,bd,False,82,10001,3.0185948657988715,2019-08-31,15-39-25,DC-2,,38.866736,-76.985171
43b1bc6f-d421-4cf1-bdb2-ae91b337e12e,,bd,False,84,10275,3.0193992929092963,2019-08-31,15-39-25,DC-2,,38.866725,-76.985151
116a7f37-8df1-4fff-ad93-caa176696373,,bd,False,94,11508,3.029601973747255,2019-08-31,15-39-25,DC-2,b6acfcf4-b48f-4cf0-a4c3-34569838aea5,38.89024,-76.937671
67fb1c04-4ef6-4980-af35-4d735bc66ca7,,bd,False,84,10275,3.0206269585323033,2019-08-31,15-39-25,DC-2,,38.866708,-76.985127
428118a0-be28-476a-b7af-b8be8f615d19,,bd,False,83,10138,3.0215965495261314,2019-08-31,15-39-25,DC-2,,38.866696,-76.985067
203db724-e63a-4870-a27f-9a42b3a7c3b8,,bd,False,94,11508,3.029973809778618,2019-08-31,15-39-25,DC-2,,38.88307494580641,-77.03151999979934
8ed239d4-2f49-4c68-88b4-3bffad49e83b,,bd,False,79,9590,3.0229251378658795,2019-08-31,15-39-25,DC-2,,38.866677,-76.985059
25117d8d-bfe1-415e-bf76-4d48ca3ab11f,,bd,False,100,12193,3.0356539337876476,2019-08-31,15-39-25,DC-2,b6acfcf4-b48f-4cf0-a4c3-34569838aea5,38.890353,-76.93747
80db7eee-38e9-4719-9b04-585deaaf58d8,,bd,False,85,10412,3.0261942058547615,2019-08-31,15-39-25,DC-2,,38.866626,-76.985163
ba43aa5d-9bca-47da-9870-c7956cec6975,,bd,False,74,9042,3.0365624988154445,2019-08-31,15-39-25,DC-2,,38.890486,-76.937364
f4d40cf3-0be5-4207-8603-5d873b36c781,,bd,False,85,10412,3.0270670826872106,2019-08-31,15-39-25,DC-2,,38.866613,-76.985173
2b8c03c5-066c-473d-bfdb-6a2a61728539,,bd,False,91,11097,3.0270774134945375,2019-08-31,15-39-25,DC-2,,38.86661,-76.98526
